,MAKE_MODEL,ENGINE_TYPE/BATTERY_TYPE,ENGINE_DISPLACEMENT(CC)/MOTOR_POWER(KW),TRANSMISSION_TYPE,FUEL_TYPE,MILEAGE/Range,TANK_CAPACITY/BATTERY_CAPACITY,FRONT_SUSPENSION,REAR_SUSPENSION,Entertainment_Details
0,Maruti Suzuki Swift,Z12E,1197 cc,Automatic,Petrol,25.75 kmpl,37 Litres,N/A,N/A,"{'Touch Screen size': 'N/A', 'Connectivity': 'Android Auto, Apple CarPlay', 'Tweeters': '2', 'Additional Features': 'Surround Sense Powered by ARKAMYS,On board Voice Assistant(Wake-up through - Hi Suzuki With Barge-in Feature),'}"
1,Maruti Suzuki Brezza,K15C,1462 cc,Automatic,Petrol,19.8 kmpl,48 Litres,Mac Pherson Strut & Coil,Torsion Beam & Coil Spring,"{'Touch Screen size': 'N/A', 'Connectivity': 'Android Auto, Apple CarPlay', 'Tweeters': '2', 'Additional Features': 'SmartPlay Pro+, Premium Sound System ARKAMYS Surround Sense, Wireless Apple and android auto, Onboard Voice Assistant, Remote Control App for Infotainment'}"
2,Maruti Suzuki FRONX,1.0L Turbo Boosterjet,998 cc,Automatic,Petrol,20.01 kmpl,37 Litres,MacPherson Strut,Torsion Beam,"{'Touch Screen size': 'N/A', 'Connectivity': 'Android Auto, Apple CarPlay', 'Tweeters': '2', 'Additional Features': 'SmartPlay Pro Plus Touch Screen Audio, ARKAMYS Premium Sound System, Android Auto and Apple CarPlay (Wireless), Onboard Voice Assistant (Wake-up through (Hi Suzuki) with Barge-in feature), Multi Information Display (TFT Color)'}"
3,Maruti Suzuki Ertiga,K15C Smart Hybrid,1462 cc,Automatic,Petrol,20.3 kmpl,45 Litres,Mac Pherson Strut & Coil Spring,Torsion Beam & Coil Spring,"{'Touch Screen size': 'N/A', 'Connectivity': 'Android Auto, Apple CarPlay', 'Tweeters': '2', 'Additional Features': 'SmartPlay Pro Touch Screen Infotainment System, Premium Sound System, Wireless android auto & apple carplay'}"
4,Maruti Suzuki Baleno,1.2 L K Series Engine,1197 cc,Automatic,Petrol,22.94 kmpl,37 Litres,MacPherson Strut,Torsion Beam,"{'Touch Screen size': 'N/A', 'Connectivity': 'Android Auto, Apple CarPlay', 'Tweeters': '2', 'Additional Features': 'SmartPlay Pro+, Wireless Android Auto & Apple CarPlay, Surround Sense powered by ARKAMYS'}"
5,Maruti Suzuki Wagon R,K12N,1197 cc,Automatic,Petrol,24.43 kmpl,32 Litres,MacPherson Strut With Coil Spring,Torsion Beam With Coil Spring,"{'Touch Screen size': 'N/A', 'Connectivity': 'Android Auto, Apple CarPlay', 'Tweeters': 'N/A', 'Additional Features': 'Smartplay Studio With Smartphone Navigation'}"
6,Maruti Suzuki Dzire,K12M VVT I4,1197 cc,Automatic,Petrol,22.61 kmpl,37 Litres,Mac Pherson Strut,Torsion Beam,"{'Touch Screen size': 'N/A', 'Connectivity': 'Android Auto, Apple CarPlay', 'Tweeters': '2', 'Additional Features': 'Smartplay Studio System with Navigation and Voice Command, AHA Platform (Through Smartplay Studio App), Audio Remote Control(Through Smartplay Studio app)'}"
7,Maruti Suzuki Alto K10,K10C,998 cc,Manual,CNG,33.85 km/kg,55 Litres,Mac Pherson Strut with Coil Spring,Torsion Beam with Coil Spring,"{'Touch Screen size': 'N/A', 'Connectivity': 'N/A', 'Tweeters': 'N/A', 'Additional Features': 'N/A'}"
8,Maruti Suzuki Jimny,K15B,1462 cc,Automatic,Petrol,16.39 kmpl,40 Litres,Multi link suspension,Multi link suspension,"{'Touch Screen size': 'N/A', 'Connectivity': 'N/A', 'Tweeters': 'N/A', 'Additional Features': 'N/A'}"
9,Maruti Suzuki Celerio,K10C,998 cc,Automatic,Petrol,26 kmpl,32 Litres,Mac Pherson Strut with Coil Spring,Torsion Beam with Coil Spring,"{'Touch Screen size': 'N/A', 'Connectivity': 'Android Auto, Apple CarPlay', 'Tweeters': 'N/A', 'Additional Features': 'Smartplay Studio System With Smartphone Navigation And Voice Command(Android Auto And Apple Car Play Enabled'}"
10,Maruti Suzuki XL6,K15C Smart Hybrid,1462 cc,Automatic,Petrol,20.27 kmpl,45 Litres,Mac Pherson Strut & Coil Spring,Torsion Beam & Coil Spring,"{'Touch Screen size': 'N/A', 'Connectivity': 'Android Auto, Apple CarPlay', 'Tweeters': '2', 'Additional Features': '(Wake-up throgh """"Hi Suzuki"""" With Barge-in feature),Premium Sound System (Arkamys),'}"
11,Maruti Suzuki Eeco,K12N,1197 cc,Manual,CNG,26.78 km/kg,65 Litres,Macpherson Strut,N/A,"{'Touch Screen size': 'N/A', 'Connectivity': 'N/A', 'Tweeters': 'N/A', 'Additional Features': 'N/A'}"
12,Maruti Suzuki Ignis,VVT,1197 cc,Automatic,Petrol,20.89 kmpl,32 Litres,N/A,N/A,"{'Touch Screen size': 'N/A', 'Connectivity': 'N/A', 'Tweeters': '2', 'Additional Features': 'N/A'}"
13,Maruti Suzuki S-Presso,K1OC CNG,998 cc,Manual,CNG,32.73 km/kg,55 Litres,MacPherson Strut with Coil Spring and Stabilizer Bar,Torsion Beam with Coil Spring,"{'Touch Screen size': 'N/A', 'Connectivity': 'N/A', 'Tweeters': 'N/A', 'Additional Features': 'SmartPlay Dock,USB Connectivity'}"
14,Maruti Suzuki Ciaz,K15 Smart Hybrid Petrol Engine,1462 cc,Automatic,Petrol,20.04 kmpl,43 Litres,McPherson,Torsion Beam,"{'Touch Screen size': 'N/A', 'Connectivity': 'Android Auto, Apple CarPlay', 'Tweeters': '2', 'Additional Features': 'N/A'}"
15,Maruti Suzuki Invicto,Nickel Metal Hydride,1987 cc,Automatic,Petrol,23.24 kmpl,52 Litres,MacPherson Strut,Torsion Beam,"{'Touch Screen size': 'N/A', 'Connectivity': 'Android Auto, Apple CarPlay', 'Tweeters': 'N/A', 'Additional Features': 'Wireless Apple CarPlay'}"
16,Maruti Suzuki Ertiga Tour,K15C,1462 cc,Manual,CNG,26.08 km/kg,60 Litres,MacPherson Strut & Coil Spring,Rear Twist Beam & Coil Spring,"{'Touch Screen size': 'N/A', 'Connectivity': 'N/A', 'Tweeters': 'N/A', 'Additional Features': 'Audio systemwith electrostatic touch buttons,steering mounted calling control'}"
17,Maruti Suzuki Alto 800 tour,F8D,796 cc,Manual,Petrol,22.05 kmpl,35 Litres,N/A,N/A,"{'Touch Screen size': 'N/A', 'Connectivity': 'N/A', 'Tweeters': 'N/A', 'Additional Features': 'N/A'}"
18,Maruti Suzuki Eeco Cargo,K12N,1197 cc,Manual,CNG,27.05 km/kg,65 Litres,Mcpherson Strut,N/A,"{'Touch Screen size': 'N/A', 'Connectivity': 'N/A', 'Tweeters': 'N/A', 'Additional Features': 'N/A'}"
19,Maruti Suzuki Grand Vitara,M15D With Strong Hybrid,1490 cc,Automatic,Petrol,27.97 kmpl,45 Litres,MacPherson Strut,Torsion Beam,"{'Touch Screen size': 'N/A', 'Connectivity': 'Android Auto, Apple CarPlay', 'Tweeters': '2', 'Additional Features': 'SmartPlay Pro+, Arkamys Sound Tuning, Premium Sound System'}"
20,Maruti Suzuki Super Carry,Multi Point Fuel Injection G12B BS—VI,1196 cc,Manual,CNG,N/A,30 Litres,McPherson strut with Coil Spring,Leaf Spring Rigid Axle,"{'Touch Screen size': 'N/A', 'Connectivity': 'N/A', 'Tweeters': 'N/A', 'Additional Features': 'N/A'}"
21,Maruti Suzuki Swift Dzire Tour,K12M VVT I4,1197 cc,Manual,CNG,31.12 km/kg,55 Litres,Mac Pherson Strut,Torsion Beam,"{'Touch Screen size': 'N/A', 'Connectivity': 'N/A', 'Tweeters': 'N/A', 'Additional Features': 'N/A'}"
22,Maruti Suzuki Wagon R tour,K10C,998 cc,Manual,CNG,34.73 km/kg,60 Litres,MacPherson Strut with Coil Spring,Torsion Beam with Coil Spring,"{'Touch Screen size': 'N/A', 'Connectivity': 'N/A', 'Tweeters': 'N/A', 'Additional Features': 'N/A'}"
23,Tata Punch,1.2 l Revotron Engine,1199 cc,Automatic,Petrol,18.8 kmpl,37 Litres,"Independent, Lower Wishbone, Mcpherson Strut With Coil Spring",Semi-independent Twist Beam With Coil Spring And Shock Absorber,"{'Touch Screen size': 'N/A', 'Connectivity': 'Android Auto, Apple CarPlay', 'Tweeters': 'N/A', 'Additional Features': 'Floating 7"" Touchscreen Infotainment By Harman,2 Tweeters,iRA Connected Tech'}"
24,Tata Nexon,1.5L Turbocharged Revotorq,1497 cc,Automatic,Diesel,24.08 kmpl,N/A,"Independent, Lower Wishbone, McPherson Strut with Coil Spring","Semi-independent, Open Profile Twist Beam with Stabiliser Bar, Coil Spring and Shock Absorber","{'Touch Screen size': 'N/A', 'Connectivity': 'Android Auto, Apple CarPlay', 'Tweeters': '4', 'Additional Features': 'Slim Bezel Touchscreen Infotainment System, Wireless Android Auto and Apple CarPlay'}"
25,Tata Harrier,Kryotec 2.0L,1956 cc,Automatic,Diesel,16.8 kmpl,50 Litres,"Independent, Lower Wishbone, McPherson Strut with Coil Spring & Anti Roll Bar",Semi Independent Twist Blade with Panhard Rod & Coil Spring,"{'Touch Screen size': 'N/A', 'Connectivity': 'Android Auto, Apple CarPlay', 'Tweeters': '4', 'Additional Features': 'Wireless Android Auto & Apple CarPlay, Connected Vehicle Technology with iRA 2.0'}"
26,Tata Safari,Kryotec 2.0L,1956 cc,Automatic,Diesel,N/A,50 Litres,"Independent, Lower Wishbone, McPherson Strut with Coil Spring & Anti-Roll Bar",Semi Independent Twist Blade with Panhard Rod & Coil Spring,"{'Touch Screen size': 'N/A', 'Connectivity': 'Android Auto, Apple CarPlay', 'Tweeters': '4', 'Additional Features': 'Wireless Android Auto & Apple Carplay, 250+ Native Voice Commands, Harman AudioworX Advanced with JBL Audio Modes,Connected Vehicle Technology with iRA 2.0'}"
27,Tata Tiago,1.2L Revotron,1199 cc,Automatic,CNG,28.06 km/kg,60 Litres,"Independent, Lower wishbone, McPherson Strut with coil spring","Semi-independent, closed profile twist beam with dual path strut","{'Touch Screen size': 'N/A', 'Connectivity': 'Android Auto, Apple CarPlay', 'Tweeters': '4', 'Additional Features': 'USB Connectivity,Speed Dependent Volume Control,Phone Book Access & Audio Streaming,Call Rejected with SMS Feature,Incoming SMS Notifications and Read-Outs,qImage and Video Playback,'}"
28,Tata Curvv EV,Lithium-ion,123 kW,Automatic,Electric,585 km,55 kWh,MacPherson suspension,Rear twist beam,"{'Touch Screen size': 'N/A', 'Connectivity': 'Android Auto, Apple CarPlay', 'Tweeters': '4', 'Additional Features': 'JBL Cinematic Sound System'}"
29,Tata Altroz,1.2L Revotron,1497 cc,Manual,Diesel,19.33 kmpl,37 Litres,Independent MacPherson dual path strut with coil spring,Twist beam with coil spring and shock Absorber,"{'Touch Screen size': 'N/A', 'Connectivity': 'Android Auto, Apple CarPlay', 'Tweeters': 'N/A', 'Additional Features': 'N/A'}"
30,Tata Punch EV,Lithium-Ion,90 kW,Automatic,Electric,421 km,35 kWh,"Independent, Lower Wishbone, McPherson Strut with Coil Spring",Semi-independent Twist Beam With Coil Spring,"{'Touch Screen size': 'N/A', 'Connectivity': 'Android Auto, Apple CarPlay', 'Tweeters': '2', 'Additional Features': 'HD Infotainment by HARMAN, Wireless Android Auto And Apple CarPlay, Multiple Voice Assistants(Hay Tata, Alexa, Siri, Google Assistant)'}"
31,Tata Tigor,1.2L Revotron,1199 cc,Automatic,CNG,28.06 km/kg,70 Litres,MacPherson suspension,Rear twist beam,"{'Touch Screen size': 'N/A', 'Connectivity': 'Android Auto, Apple CarPlay', 'Tweeters': '4', 'Additional Features': '17.78 cm Touchscreen Infotaiment System by Harman, Call Reject with SMS Feature, ConnectNext App Suite, Image & Video Playback, Incoming SMS Notifications & Read Outs, Phone Book Access, Digital Controls for Automatic Climate Control'}"
32,Tata Nexon EV,Lithium Ion,106.4,Automatic,Electric,465 km,40.5 kWh,Independent MacPherson strut with coil spring,Twist beam with dual path Strut,"{'Touch Screen size': 'N/A', 'Connectivity': 'Android Auto, Apple CarPlay', 'Tweeters': '4', 'Additional Features': 'JBL Cinematic Sound System,Cinematic Touchscreen (Infotainment by HARMANTM HD)'}"
33,Tata Tiago EV,Lithium-Ion,55,Automatic,Electric,315 km,24 kWh,Independent Lower Wishbone McPherson Dual Path (Strut Type),Rear Twist Beam With Coil Spring,"{'Touch Screen size': 'N/A', 'Connectivity': 'Android Auto, Apple CarPlay', 'Tweeters': '4', 'Additional Features': '17.78 cm Touchscreen Infotainment by HARMAN, Speed Dependent Volume, Phone Book Access, Audio Streaming, Incoming SMS Notifications and Read-outs, Call Reject with SMS Feature'}"
34,Tata Altroz Racer,1.2 L Turbo Petrol,1199 cc,Manual,Petrol,N/A,37 Litres,Independent MacPherson Dual Path Strut with Coil Spring,Twist Beam with Coil Spring and Shock Absorber,"{'Touch Screen size': 'N/A', 'Connectivity': 'Android Auto, Apple CarPlay', 'Tweeters': '4', 'Additional Features': 'N/A'}"
35,Tata Tiago NRG,1.2 l i-CNG,1199 cc,Automatic,CNG,26.49 km/kg,60 Litres,"Independent, Lower wishbone, McPherson Strut with coil spring","Semi-independent, Rear Twist Beam with Dual path Strut","{'Touch Screen size': 'N/A', 'Connectivity': 'N/A', 'Tweeters': '4', 'Additional Features': 'Speed Dependent Volume Control.Phone Book Access & Audio Streaming,Call Rejected with SMS Feature,Image and Video Playback,Bluetooth Connectivity with,Incoming SMS Notifications & Read-outs,Phonebook Access & Audio Streaming,Call Reject with SMS'}"
36,Tata Tigor EV,Lithium-ion,55KW,Automatic,Electric,315 km,26 kWh,Independent MacPherson strut with coil spring,Twist beam with dual path strut,"{'Touch Screen size': 'N/A', 'Connectivity': 'Android Auto, Apple CarPlay', 'Tweeters': '4', 'Additional Features': 'ConnectNext Floating Dash - Top Touchscreen Infotainment by HARMAN,HARMAN Sound System,i-pod Connectivity,Phone Book access,Audio Streaming,Incoming SMS Notifications and Read-outs, Call Reject with SMS Feature'}"
37,Tata Yodha Pickup,TATA 4SP CR TCIC,2956 cc,Manual,Diesel,N/A,45 Litres,N/A,N/A,"{'Touch Screen size': 'N/A', 'Connectivity': 'N/A', 'Tweeters': 'N/A', 'Additional Features': 'N/A'}"
38,Tata Curvv,1.5L KRYOJET,1497 cc,Manual,Diesel,N/A,44 Litres,MacPherson suspension,Rear twist beam,"{'Touch Screen size': 'N/A', 'Connectivity': 'N/A', 'Tweeters': '4', 'Additional Features': 'Wireless Android Auto & Apple CarPlay,Video Transfer via Bluetooth/Wi-Fi,HARMANTM AudioworX Enhanced,JBL Branded Sound System,JBLTM Sound Modes'}"
39,Kia Seltos,1.5l CRDi VGT,1493 cc,Automatic,Diesel,19.1 kmpl,50 Litres,McPherson Strut With Coil Spring,Coupled Torsion Beam Axle (CTBA) With Coil Spring,"{'Touch Screen size': 'N/A', 'Connectivity': 'Android Auto, Apple CarPlay', 'Tweeters': '4', 'Additional Features': 'BOSE Premium Sound system with 8 Speakers'}"
40,Kia Sonet,1.5L CRDi VGT,1493 cc,Automatic,Diesel,N/A,45 Litres,MacPherson suspension,Rear twist beam,"{'Touch Screen size': 'N/A', 'Connectivity': 'Android Auto, Apple CarPlay', 'Tweeters': '2', 'Additional Features': 'HD Touchscreen Navigation with Wired Android Auto & Apple CarPlay, AI Voice Recognition System, BOSE premium 7 speaker system with dynamic speed compensation, Bluetooth multi connection'}"
41,Kia EV6,Lithium-ion,239 kW,Automatic,Electric,708 km,77.4 kWh,McPherson suspension,Multi-Link,"{'Touch Screen size': 'N/A', 'Connectivity': 'Android Auto, Apple CarPlay', 'Tweeters': 'N/A', 'Additional Features': 'Meridian premium sound system with 14 speakers and Active sound design, Curved driver display screen & touchscreen navigation, Kia Connect with 60+ Features'}"
42,Kia Carens,CRDi VGT,1493 cc,Automatic,Diesel,N/A,45 Litres,McPherson Strut with coil spring,Coupled Torsion Beam Axle with Coil Spring,"{'Touch Screen size': 'N/A', 'Connectivity': 'Android Auto, Apple CarPlay', 'Tweeters': 'N/A', 'Additional Features': 'HD Touchscreen Navigation with Next Generation Kia Connect, Smart Pure Air Purifier with Virus and Bacteria Protection, Multiple Power Sockets with 5 C-Type Ports, BOSE Premium Sound System with 8 Speakers, Wireless Charger with Cooling Function'}"
43,Toyota Fortuner,2.8 L Diesel engine,2755 cc,Automatic,Diesel,N/A,80 Litres,Double Wishbone,4-Link With Coil Spring,"{'Touch Screen size': 'N/A', 'Connectivity': 'Android Auto, Apple CarPlay', 'Tweeters': 'N/A', 'Additional Features': 'Premium JBL Speakers (11 Speakers Including Subwoofer & Amplifier)'}"
44,Toyota Innova Crysta,2.4L Diesel Engine,2393 cc,Manual,Diesel,N/A,55 Litres,Double Wishbone With Torsion Bar,4-Link with Coil Spring,"{'Touch Screen size': 'N/A', 'Connectivity': 'Android Auto, Apple CarPlay', 'Tweeters': 'N/A', 'Additional Features': 'N/A'}"
45,Toyota Land Cruiser 300,F33A-FTV,3346 cc,Automatic,Diesel,11 kmpl,110 Litres,Double Wishbone Independent,4-Link Rigid,"{'Touch Screen size': 'N/A', 'Connectivity': 'Android Auto, Apple CarPlay', 'Tweeters': 'N/A', 'Additional Features': 'Audio System with 14U JBL Speakers,Wireless Charger for Front Seats'}"
46,Toyota Urban Cruiser Hyryder,M15D-FXE,1490 cc,Automatic,Petrol,27.97 kmpl,45 Litres,MacPherson Strut,Torsion Beam,"{'Touch Screen size': 'N/A', 'Connectivity': 'Android Auto, Apple CarPlay', 'Tweeters': '2', 'Additional Features': 'New Smart Playcast Touchscreen, Toyota i-Connect, Arkamys Sound tuning, Premium sound with special speaker'}"
47,Toyota Taisor,1.0L K-Series Turbo,998 cc,Automatic,Petrol,20 kmpl,37 Litres,MacPherson Strut,Torsion Beam,"{'Touch Screen size': 'N/A', 'Connectivity': 'Android Auto, Apple CarPlay', 'Tweeters': '2', 'Additional Features': 'ARKAMYS Tuning (Surround Sense),Android Auto & Apple CarPlay (Wireless)'}"
48,Toyota Hilux,2.8 L Diesel Engine,2755 cc,Automatic,Diesel,N/A,80 Litres,Double wishbone,Leaf spring rigid axle,"{'Touch Screen size': 'N/A', 'Connectivity': 'Android Auto, Apple CarPlay', 'Tweeters': 'N/A', 'Additional Features': 'N/A'}"
49,Toyota Camry,2.5L Dynamic Force Engine,2487 cc,Automatic,Petrol,N/A,50 Litres,Macpherson Strut,Double Wishbone,"{'Touch Screen size': 'N/A', 'Connectivity': 'Android Auto, Apple CarPlay', 'Tweeters': 'N/A', 'Additional Features': 'N/A'}"
50,Toyota Vellfire,2.5-litre a Hybrid,2487 cc,Automatic,Petrol,N/A,60 Litres,Macpherson Strut,Double Wishbone,"{'Touch Screen size': 'N/A', 'Connectivity': 'Android Auto, Apple CarPlay', 'Tweeters': 'N/A', 'Additional Features': 'N/A'}"
51,Toyota Rumion,K15C HYBRID,1462 cc,Automatic,Petrol,20.11 kmpl,45 Litres,Macpherson Strut & Coil Spring,Torsion Beam & Coil Spring,"{'Touch Screen size': 'N/A', 'Connectivity': 'Android Auto, Apple CarPlay', 'Tweeters': '2', 'Additional Features': 'Smartplay Cast Touch Screen Infotainment Sytem With Arkamys Surround Sense, Android Auto & Apple CarPlay (Wireless)'}"
52,Toyota Fortuner Legender,2.8 L Diesel engine,2755 cc,Automatic,Diesel,N/A,80 Litres,Double Wishbone,4-Link With Coil Spring,"{'Touch Screen size': 'N/A', 'Connectivity': 'Android Auto, Apple CarPlay', 'Tweeters': 'N/A', 'Additional Features': '""Premium JBL Speakers (11 Speakers Including Subwoofer & Amplifier)""'}"
53,Toyota Glanza,1.2 L Petrol Engine,1197 cc,Automatic,Petrol,22.94 kmpl,37 Litres,MacPherson Strut,Torsion Beam,"{'Touch Screen size': 'N/A', 'Connectivity': 'Android Auto, Apple CarPlay', 'Tweeters': '2', 'Additional Features': 'Toyota i-Connect, Hey Toyota, Smart Playcast Pro S, Premium sound system (Arkamys), Hey Siri Voice Assistance Compatibilit'}"
54,Toyota Innova Hycross,2.0 TNGA 5th Generation in-line VVTi,1987 cc,Automatic,Petrol,23.24 kmpl,52 Litres,MacPherson Strut,Semi-independent Torsion beam,"{'Touch Screen size': 'N/A', 'Connectivity': 'Android Auto, Apple CarPlay', 'Tweeters': '4', 'Additional Features': 'Display Audio, Capacitive Touch, Flick & Drag Function, Wireless Apple Car Play, JBL Premium Audio System'}"
55,Hyundai Creta,1.5L T-GDi,1482 cc,Automatic,Petrol,18.4 kmpl,50 Litres,N/A,N/A,"{'Touch Screen size': 'N/A', 'Connectivity': 'Android Auto', 'Tweeters': '2', 'Additional Features': '10.25 inch HD audio video navigation system, JioSaavan music streaming, Hyundai Bluelink, Bose premium sound 8 speaker system with front central speaker & sub-woofer'}"
56,Hyundai Alcazar,1.5 l diesel CRDi engine,1493 cc,Automatic,Diesel,23.8 kmpl,50 Litres,McPherson strut with coil spring,Coupled torsion beam axle,"{'Touch Screen size': 'N/A', 'Connectivity': 'Android Auto, Apple CarPlay', 'Tweeters': '2', 'Additional Features': 'HD touchscreen Infotainment system, Advanced Hyundai Bluelink (connected-car technology), Bose premium sound system (8 speakers)'}"
57,Hyundai Venue,Kappa 1.0L Turbo,998 cc,Automatic,Petrol,18.31 kmpl,45 Litres,McPherson strut with coil spring,Coupled torsion beam axle with coil spring,"{'Touch Screen size': 'N/A', 'Connectivity': 'Android Auto, Apple CarPlay', 'Tweeters': '2', 'Additional Features': 'infotainment system with Bluelink, Ambient sounds of nature, Multiple regional language'}"
58,Hyundai Exter,1.2 l Kappa,1197 cc,Automatic,Petrol,19.2 kmpl,37 Litres,McPherson strut,Coupled torsion beam axle,"{'Touch Screen size': 'N/A', 'Connectivity': 'Android Auto, Apple CarPlay', 'Tweeters': 'N/A', 'Additional Features': 'Infotainment system(Multiple regional UI language),Infotainment system(Ambient sounds of nature)'}"
59,Hyundai Verna,1.5L Turbo GDi Petrol,1482 cc,Automatic,Petrol,20.6 kmpl,45 Litres,Mcpherson strut with coil spring,Coupled Torsion Beam Axle,"{'Touch Screen size': 'N/A', 'Connectivity': 'Android Auto, Apple CarPlay', 'Tweeters': '2', 'Additional Features': 'Bose premium sound 8 speaker system'}"
60,Hyundai i20,1.2 l Kappa,1197 cc,Automatic,Petrol,20 kmpl,37 Litres,McPherson strut,Coupled torsion beam axle,"{'Touch Screen size': 'N/A', 'Connectivity': 'N/A', 'Tweeters': '2', 'Additional Features': 'Ambient sounds of nature,Bose premium 7 speaker system'}"
61,Hyundai Aura,1.2 L Bi-Fuel,1197 cc,Manual,CNG,22 km/kg,65 Litres,McPherson strut,Coupled torsion beam axle,"{'Touch Screen size': 'N/A', 'Connectivity': 'Android Auto, Apple CarPlay', 'Tweeters': 'N/A', 'Additional Features': 'N/A'}"
62,Hyundai Tucson,2.0 L D CRDi I4,1997 cc,Automatic,Diesel,N/A,54 Litres,McPherson strut,Multi-link with coil spring,"{'Touch Screen size': 'N/A', 'Connectivity': 'Android Auto, Apple CarPlay', 'Tweeters': '2', 'Additional Features': 'Hyundai Bluelink connected car technology,Bose premium sound 8 speaker system(Front & rear door speakers,Front central speaker,Front tweeters,Sub-woofer,Amplifier),'}"
63,Hyundai Creta N Line,1.5l Turbo GDi,1482 cc,Automatic,Petrol,18.2 kmpl,50 Litres,McPherson strut with coil spring,Coupled torsion beam axle,"{'Touch Screen size': 'N/A', 'Connectivity': 'N/A', 'Tweeters': '2', 'Additional Features': 'Bose premium sound 8 speaker system'}"
64,Hyundai Kona Electric,Lithium-Ion,100 kW,Automatic,Electric,452 km,39.2 kWh,McPherson strut type,Multi - link,"{'Touch Screen size': 'N/A', 'Connectivity': 'Android Auto, Apple CarPlay', 'Tweeters': '2', 'Additional Features': 'N/A'}"
65,Hyundai Venue N Line,Kappa 1.0 l turbo GDi,998 cc,Automatic,Petrol,18 kmpl,45 Litres,McPherson strut with coil spring,Coupled torsion beam axle with coil spring,"{'Touch Screen size': 'N/A', 'Connectivity': 'Android Auto, Apple CarPlay', 'Tweeters': '2', 'Additional Features': 'Multiple regional language,Ambient sounds of nature,Hyundai Bluelink connected car technology,'}"
66,Hyundai Grand i10 Nios,1.2 l Kappa,1197 cc,Automatic,Petrol,16 kmpl,37 Litres,MacPherson suspension,Rear twist beam,"{'Touch Screen size': 'N/A', 'Connectivity': 'N/A', 'Tweeters': 'N/A', 'Additional Features': 'N/A'}"
67,Hyundai i20 N-Line,1.0 l Turbo GDi petrol,998 cc,Automatic,Petrol,N/A,37 Litres,McPherson strut,Coupled torsion beam axle,"{'Touch Screen size': 'N/A', 'Connectivity': 'Android Auto, Apple CarPlay', 'Tweeters': '2', 'Additional Features': 'Ambient sounds of nature'}"
68,Hyundai IONIQ 5,Lithium-Ion,160 kW,Automatic,Electric,631 km,72.6 kWh,McPherson Strut,Multi-link,"{'Touch Screen size': 'N/A', 'Connectivity': 'Android Auto, Apple CarPlay', 'Tweeters': 'N/A', 'Additional Features': 'Ambient sounds of nature'}"
69,Mahindra Thar,mHawk 130 CRDe,2184 cc,Automatic,Diesel,N/A,57 Litres,Independent Double Wishbone Front Suspension with Coil Over Damper & Stabiliser Bar,Multilink Solid Rear Axle with Coil Over Damper & Stabiliser Bar,"{'Touch Screen size': 'N/A', 'Connectivity': 'Android Auto, Apple CarPlay', 'Tweeters': '2', 'Additional Features': 'N/A'}"
70,Mahindra Thar ROXX,2.2L mHawk,2184 cc,Automatic,Diesel,15.2 kmpl,57 Litres,Double wishbone suspension,Multi link suspension,"{'Touch Screen size': 'N/A', 'Connectivity': 'N/A', 'Tweeters': '2', 'Additional Features': 'Connected apps,83 connected features,DTS sound staging'}"
71,Mahindra Scorpio,mHAWK 4 Cylinder,2184 cc,Manual,Diesel,14.44 kmpl,60 Litres,"Double Wish-bone Type, Independent Front Coil Spring",Multi Link Coil Spring Suspension and Anti-roll Bar,"{'Touch Screen size': 'N/A', 'Connectivity': 'N/A', 'Tweeters': '2', 'Additional Features': 'Infotainment With Bluetooth/USB/Aux and Phone Screen Mirroring, Intellipark'}"
72,Mahindra XUV700,mHAWK,2198 cc,Automatic,Diesel,16.57 kmpl,60 Litres,McPherson Strut Independent Suspension with FSD and Stabilizer bar,Multi-link Independent Suspension with FSD and Stabilizer bar,"{'Touch Screen size': 'N/A', 'Connectivity': 'Android Auto, Apple CarPlay', 'Tweeters': 'N/A', 'Additional Features': 'Wireless Android Auto & Apple CarPlay, AdrenoX Connect with 1 yr free subscription, 3D Audio with 12 Speakers'}"
73,Mahindra Bolero,mHAWK75,1493 cc,Manual,Diesel,16 kmpl,60 Litres,FS Coil Spring,Rigid Leaf Spring,"{'Touch Screen size': 'N/A', 'Connectivity': 'N/A', 'Tweeters': 'N/A', 'Additional Features': 'N/A'}"
74,Mahindra XUV 3XO,mStallion (TGDi) engine,1197 cc,Automatic,Petrol,18.2 kmpl,42 Litres,McPherson Strut with Anti-roll Bar,Twist Beam Suspension with Coil Spring,"{'Touch Screen size': 'N/A', 'Connectivity': 'Android Auto, Apple CarPlay', 'Tweeters': '2', 'Additional Features': 'Twin HD 26.03 cm Infotainment, Harman Kardon Premium Audio with Amplifier & Sub-woofer, Wireless Android Auto And Apple CarPlay, Adrenox Connect'}"
75,Mahindra Scorpio N,mHawk (CRDi),2198 cc,Automatic,Diesel,15.42 kmpl,57 Litres,Double Wishbone Suspension with Coil over Shocks with FDD & MTV-CL,Pentalink Suspension with WATT’s Linkage with FDD & MTV-CL,"{'Touch Screen size': 'N/A', 'Connectivity': 'Android Auto, Apple CarPlay', 'Tweeters': 'N/A', 'Additional Features': 'Adrenox Connect, Alexa Built-in With 1 year Subscription, SONY 3D Immersive Audio 12 Speakers With Dual Channel Sub-woofer, what3words - Alexa Enabled, Wireless Android Auto & Apple CarPlay Compatibility'}"
76,Mahindra Bolero Neo,mHAWk100,1493 cc,Manual,Diesel,17.29 kmpl,50 Litres,N/A,N/A,"{'Touch Screen size': 'N/A', 'Connectivity': 'N/A', 'Tweeters': '2', 'Additional Features': 'Music player with USB + BT (touchscreen infotainment, bluetooth, USB & AUX)'}"
77,Mahindra XUV400 EV,Lithium-Ion,100 kW,Automatic,Electric,456 km,39.4 kWh,MacPherson Strut with Anti Roll Bar,Twist Beam with Coil Spring,"{'Touch Screen size': 'N/A', 'Connectivity': 'Android Auto, Apple CarPlay', 'Tweeters': 'N/A', 'Additional Features': '17.78 cm Touch Screen Infotainment System with Navigation & 4 Speakers, Bluesense+ (Exclusive app with 60+class leading connectivity features), Smart Watch Connectivity, Smart Steering System, Voice Commands & SMS Read Out'}"
78,Mahindra Bolero Camper,m2DiCR 4 Cyl 2.5L TB,2523 cc,Manual,Diesel,N/A,57 Litres,Coil Springs,Rigid axle with leaf spring,"{'Touch Screen size': 'N/A', 'Connectivity': 'N/A', 'Tweeters': 'N/A', 'Additional Features': 'N/A'}"
79,Mahindra Bolero PikUp ExtraLong,m2DiCR 4 cly 2.5L TB,2523 cc,Manual,Diesel,N/A,57 Litres,N/A,N/A,"{'Touch Screen size': 'N/A', 'Connectivity': 'N/A', 'Tweeters': 'N/A', 'Additional Features': 'N/A'}"
80,Mahindra Bolero Maxitruck Plus,MSI 2500 CNG,2523 cc,Manual,CNG,17.2 km/kg,45 Litres,N/A,N/A,"{'Touch Screen size': 'N/A', 'Connectivity': 'N/A', 'Tweeters': 'N/A', 'Additional Features': 'N/A'}"
81,Mahindra Bolero Neo Plus,2.2L mHawk,2184 cc,Manual,Diesel,N/A,60 Litres,Double Wish-Bone with Coil Spring and Stabilizer Bar,Multi-Link with Coil Spring and Stabilizer Bar,"{'Touch Screen size': 'N/A', 'Connectivity': 'N/A', 'Tweeters': '2', 'Additional Features': 'N/A'}"
82,Mahindra BOLERO PikUP ExtraStrong,N/A,1298 cc,Manual,CNG,N/A,N/A,N/A,N/A,"{'Touch Screen size': 'N/A', 'Connectivity': 'N/A', 'Tweeters': 'N/A', 'Additional Features': 'N/A'}"
83,Honda City,i-VTEC,1498 cc,Automatic,Petrol,18.4 kmpl,40 Litres,McPherson Strut with Coil Spring,Torsion beam with Coil Spring,"{'Touch Screen size': 'N/A', 'Connectivity': 'Android Auto, Apple CarPlay', 'Tweeters': '4', 'Additional Features': 'Next Gen Honda Connect with Telematics Control Unit (TCU),Weblink,Wireless Smartphone Connectivity (Android Auto, Apple CarPlay),Remote Control by Smartphone Application via Bluetooth®,'}"
84,Honda Amaze,i-VTEC,1199 cc,Automatic,Petrol,18.3 kmpl,35 Litres,"McPherson Strut, Coil Spring","Torsion Bar, Coil Spring","{'Touch Screen size': 'N/A', 'Connectivity': 'Android Auto, Apple CarPlay', 'Tweeters': 'N/A', 'Additional Features': 'Weblink,'}"
85,Honda City Hybrid,i-VTEC,1498 cc,Automatic,Petrol,27.13 kmpl,40 Litres,McPherson Strut with Coil Spring,Torsion beam with Coil Spring,"{'Touch Screen size': 'N/A', 'Connectivity': 'Android Auto, Apple CarPlay', 'Tweeters': '4', 'Additional Features': '(Smart Connectivity Next Gen Honda Connect with Telematics Control Unit,IPS Display with Optical Bonding Display Coating for Reflection Reduction,Remote Control by Smartphone Application via Bluetooth),Weblink,Multi Function Driver Information Interface,'}"
86,Honda Elevate,i-VTEC,1498 cc,Automatic,Petrol,16.92 kmpl,40 Litres,MacPherson Strut With Coil Spring,Torsion Beam With Coil Spring,"{'Touch Screen size': 'N/A', 'Connectivity': 'Android Auto, Apple CarPlay', 'Tweeters': '4', 'Additional Features': '(Wireless)Apple CarPlay Android Auto,Advanced Touchscreen Display Audio,IPS Display,AM/FM Digital Radio Tuner,MP3/WAV,IPod/I Phone,Remote Control By Smartphone Application Via Bluetooth,Exclusive Sub-Display Area With Clock,Calendar,Compass,Quick Settings,Assistant Side View Monitor,Assistant Rear View Monitor,Range & Fuel Economy Information,Average Speed & Time Information,G Meter Display,Display Contents & Vehicle Settings Customization,Safety Support Settings,Vehicle Information & Warning Message Display,Rear Parking Sensor Proximity Display,Rear Seat Reminder,Steering Scroll Selector Selector Wheel And Meter Control Switch,Illumination Control Switch,Fuel Gauge Display With Fuel Reminder Warning,Weblink'}"
87,MG Hector,2.0L Turbocharged Diesel,1956 cc,Manual,Diesel,15.58 kmpl,60 Litres,Mcpherson strut + coil springs,Beam assemble + coil spring,"{'Touch Screen size': 'N/A', 'Connectivity': 'N/A', 'Tweeters': '2', 'Additional Features': 'Premium Sound System By Infinity,Wireless Android Auto + Apple Carplay,Advanced UI with Widget customization of homescreen with multiple Homepages,Customisable Widget Color with 7 color palette for homepage of Infotainment screen,JIO Voice Recognition with advanced Voice commands for Weather, Cricket, Calculator, Clock, Date/Day, Horoscope, Dictionary, News & Knowledge,Headunit Theme Store with Downloadable Themes,Preloaded Greeting Message On Entry (with customised message option),Birthday Wish on Headunit (With Customisable Date option),Customisable Lock Screen Wallpaper'}"
88,MG Astor,220TURBO,1349 cc,Automatic,Petrol,14.34 kmpl,45 Litres,MacPherson Strut,Torsion Beam,"{'Touch Screen size': 'N/A', 'Connectivity': 'Android Auto, Apple CarPlay', 'Tweeters': '2', 'Additional Features': 'i-SMART 2.0 with Advanced UI,Head Turner: Smart Movement in Direction of Voice Interactive Emojis Including Greetings, Festival Wishes and Jokes,Head Turner: Smart Movement in Direction of Voice Interactive Emojis,JIO Voice Recognition with advanced Voice commands for Weather, Cricket,Calculator, Clock, Date/Day, Horoscope, Dictionary, News & Knowledge Including Greetings, Festival Wishes and Jokes,Jio Voice Recognition in Hindi,Enhanced Chit-Chat Interaction,Voice Commands Support to Control Skyroof, AC, Music, FM, Calling & More,Advanced UI with Widget customization of homescreen with multiple Homepages,Digital Key With Key Sharing Function,Customisable Lockscreen Wallpaper,Birthday Wish on Headunit (with customisable date option),Headunit Theme Store with Downloadable Themes,Preloaded Greeting Message On Entry (with customised message option)'}"
89,MG Gloster,DIESEL 2.0L TWIN TURBO,1996 cc,Automatic,Diesel,N/A,75 Litres,Double-wishbone Suspension,Multi-link Double Suspension,"{'Touch Screen size': 'N/A', 'Connectivity': 'Android Auto, Apple CarPlay', 'Tweeters': 'N/A', 'Additional Features': 'High Quality Audio System - 12 Speakers (Including Subwoofer & Amplifier),Customizable Lock Screen Wallpaper'}"
90,MG Comet EV,Lithium-Ion,41.42 kW,Automatic,Electric,230 km,17.3 kWh,MacPherson suspension,Multi link suspension,"{'Touch Screen size': 'N/A', 'Connectivity': 'Android Auto, Apple CarPlay', 'Tweeters': 'N/A', 'Additional Features': 'Bluetooth Music & Calling,Wireless Android Auto & Apple CarPlay,i-Smart with 55+ Connected car features'}"
91,MG Hector Plus,2.0L Turbocharged,1956 cc,Manual,Diesel,15.58 kmpl,60 Litres,Mcpherson strut + coil spring,Beam assemble + coil spring,"{'Touch Screen size': 'N/A', 'Connectivity': 'Android Auto, Apple CarPlay', 'Tweeters': '2', 'Additional Features': 'Premium Sound System By Infinity,Advanced UI with Widget customization of homescreen with multiple Homepages,Customisable Widget Color with 7 color palette for homepage of Infotainment screen,Amplifier(1),Audio, AC & Mood Light in Car Remote Control in i-Smart App,100+ Voice Commands to Control Sunroof, AC and More,Voice Commands to Control Ambient Lights,Online Music App,Navigation Voice Guidance in 5 Indian Languages,Navigation Group Travelling Mode,MG Weather,Birthday Wish on Headunit (With Customisable Date Option),Customisable Lock Screen Wallpaper'}"
92,MG ZS EV,Lithium-ion,129 kW,Automatic,Electric,461 km,50.3 kWh,MacPherson Strut,Torsion Beam,"{'Touch Screen size': 'N/A', 'Connectivity': 'Android Auto, Apple CarPlay', 'Tweeters': '2', 'Additional Features': 'Wireless Android Auto & Apple Carplay,5 USB Ports with 2 Type-C Ports,Widget Customisation Of Homescreen With Multiple Pages,Customisable Widget Color with 7 color palette for homepage of Infotainment screen,Headunit Theme store with New EVERGREEN Theme,Quiet Mode,Customisable Lock Screen Wallpaper,Birthday Wish On Headunit (With Customisable Date Option)VR Commands to Control Car functions,'}"
93,Skoda Kushaq,1.5 TSI Petrol,1498 cc,Automatic,Petrol,18.86 kmpl,50 Litres,McPherson suspension with lower triangular links and stabiliser bar,Twist Beam Axle,"{'Touch Screen size': 'N/A', 'Connectivity': 'N/A', 'Tweeters': 'N/A', 'Additional Features': 'Infotainment System with SKODA Play Apps, Wireless Smartlink-Apple Carplay & Android Auto, SKODA Sound System with 6 High Performance Speakers & Subwoofer'}"
94,Skoda Slavia,1.5 TSI Petrol,1498 cc,Automatic,Petrol,19.36 kmpl,45 Litres,McPherson suspension with lower triangular links and stabiliser bar,Twist Beam Axle,"{'Touch Screen size': 'N/A', 'Connectivity': 'N/A', 'Tweeters': '4', 'Additional Features': '25.4 cm Infotainment System with Skoda Play Apps, Wireless Smartlink-Apple Carplay & Android Auto, Skoda Sound System with 8 High Performance Speakers & Subwoofer - 380 W'}"
95,Skoda Kodiaq,Turbocharged Petrol Engine,1984 cc,Automatic,Petrol,13.32 kmpl,58 Litres,McPherson suspension with lower triangular links and torsion stabiliser,"Multi-element axle, with longitudinal and transverse links, with torsion stabiliser","{'Touch Screen size': 'N/A', 'Connectivity': 'Android Auto, Apple CarPlay', 'Tweeters': 'N/A', 'Additional Features': '20.32 cm ŠKODA Infotainment System with Proximity Sensor & navigation System,CANTON Sound System with 12 high performance speakers & subwoofer with 625W output'}"
96,Skoda Superb,2.0 TSI Engine,1984 cc,Automatic,Petrol,N/A,66 Litres,N/A,N/A,"{'Touch Screen size': 'N/A', 'Connectivity': 'Android Auto, Apple CarPlay', 'Tweeters': 'N/A', 'Additional Features': 'Central infotainment system with proximity sensor'}"
97,Jeep Compass,2.0 L Multijet II Diesel,1956 cc,Automatic,Diesel,14.9 kmpl,60 Litres,McPherson Strut with Lower Control Arm,Multi Link Suspension with Strut Assembly,"{'Touch Screen size': 'N/A', 'Connectivity': 'N/A', 'Tweeters': 'N/A', 'Additional Features': 'Wireless Android Auto & Apple Car Play,Alpine speaker system with Amplifier & Subwoofer,Intergrated Voice Commands & Navigation'}"
98,Jeep Wrangler,2.0L Gme T4 Di,1995 cc,Automatic,Petrol,10.6 kmpl,N/A,Heavy-Duty,Heavy-Duty,"{'Touch Screen size': 'N/A', 'Connectivity': 'Android Auto, Apple CarPlay', 'Tweeters': 'N/A', 'Additional Features': 'Premium 9 Speaker Audio (Alpine) System'}"
99,Jeep Meridian,2.0 L Multijet Diesel,1956 cc,Automatic,Diesel,N/A,60 Litres,N/A,N/A,"{'Touch Screen size': 'N/A', 'Connectivity': 'Android Auto, Apple CarPlay', 'Tweeters': 'N/A', 'Additional Features': '9 High Performance Alpine Speakers Connectivity,Integrated Navigation,Integrated Voice Commands'}"
100,Jeep Grand Cherokee,2.0L GME T4,1995 cc,Automatic,Petrol,N/A,87 Litres,Multi-link independent (all aluminum arms and knuckles),Multi-link independent (all aluminum arms and knuckles),"{'Touch Screen size': 'N/A', 'Connectivity': 'Android Auto, Apple CarPlay', 'Tweeters': 'N/A', 'Additional Features': 'Front passenger interactive display,Alpine speaker amplified system with subwoofer'}"
101,Renault KWID,1.0 SCe,999 cc,Automatic,Petrol,22.3 kmpl,28 Litres,Mac Pherson strut with lower Transverse link,Twist beam suspension with coil spring,"{'Touch Screen size': 'N/A', 'Connectivity': 'Android Auto, Apple CarPlay', 'Tweeters': 'N/A', 'Additional Features': 'push-to-talk, video playback (via USB), roof mic, white multimedia surround, dual tone option - mystery black roof with ice cool white body colour'}"
102,Renault Triber,ENERGY Engine,999 cc,Automatic,Petrol,18.2 kmpl,40 Litres,Macpherson strut with lower triangle & coil spring,Torsion beam axle,"{'Touch Screen size': 'N/A', 'Connectivity': 'Android Auto, Apple CarPlay', 'Tweeters': '2', 'Additional Features': 'on-board computer,'}"
103,Renault Kiger,1.0L Turbo,999 cc,Automatic,Petrol,18.24 kmpl,40 Litres,MacPherson strut with lower transverse link,Twist beam suspension with coil spring,"{'Touch Screen size': 'N/A', 'Connectivity': 'Android Auto, Apple CarPlay', 'Tweeters': '2', 'Additional Features': '20.32 cm display link floating touchscreen,Wireless smartphone replication,3D sound by ARKAMYS,2 tweeters'}"
104,Nissan Magnite,1.0L HRAO,999 cc,Automatic,Petrol,17.4 kmpl,40 Litres,Mac Pherson strut with Lower Transverse link,Twin tube telescopic shock absorber,"{'Touch Screen size': 'N/A', 'Connectivity': 'Android Auto, Apple CarPlay', 'Tweeters': '2', 'Additional Features': ""WhatsApp Notifications Read Outs,iPOD Support,Wi-Fi Connect for AA & CP,Around View Monitor Display on Screen,Rear Camera with Static Guidelines Display,Simultaneous Rear & Front Side View Display,Bird's Eye View,NissanConnect with 50+ Features & Smartwatch Connectivity,Telephone Connectivity,TECH PACK Optional (Wireless Charger)Tech Pack Optional (High-end Speakers)""}"
105,Nissan X-Trail,KR15 VC-TURBO,1498 cc,Automatic,Petrol,N/A,55 Litres,N/A,N/A,"{'Touch Screen size': 'N/A', 'Connectivity': 'N/A', 'Tweeters': '2', 'Additional Features': 'N/A'}"
106,Volkswagen Virtus,1.5L TSI EVO with ACT,1498 cc,Automatic,Petrol,19.62 kmpl,45 Litres,Mc-Pherson suspension and stabiliser bar,Twist beam axle,"{'Touch Screen size': 'N/A', 'Connectivity': 'Android Auto, Apple CarPlay', 'Tweeters': 'N/A', 'Additional Features': 'Valet mode, Apps- SygicTM navigation, GaanaTM, Booking.comTM, AudiobooksTM, BBC NewsTM, MyVolkswagen Connect - Live tracking, Geo fence, Time fence, Driving behaviour, SOS emergency call, Safety alerts, Trip analysis, Documents due date reminder, Sporty aluminum pedals'}"
107,Volkswagen Taigun,1.5L TSI EVO with ACT,1498 cc,Automatic,Petrol,19.01 kmpl,N/A,McPherson suspension and stabiliser bar,Twist beam axle,"{'Touch Screen size': 'N/A', 'Connectivity': 'Android Auto, Apple CarPlay', 'Tweeters': 'N/A', 'Additional Features': 'Valet mode,ygicTM navigation, offline, GaanaTM, Booking.comTM, AudiobooksTM, 25.65 cm VW Play Touchscreen infotainment with Apps'}"
108,Volkswagen Tiguan,2.0 TSI,1984 cc,Automatic,Petrol,12.65 kmpl,60 Litres,Independent suspension with coil spring,Independent suspension by four-link axle,"{'Touch Screen size': 'N/A', 'Connectivity': 'Android Auto, Apple CarPlay', 'Tweeters': 'N/A', 'Additional Features': 'Simultaneous pairing of 2 compatible mobile devices,Car information display'}"
109,Citroen Basalt,Puretech 110,1199 cc,Automatic,Petrol,18.7 kmpl,45 Litres,MacPherson suspension,Rear twist beam,"{'Touch Screen size': 'N/A', 'Connectivity': 'N/A', 'Tweeters': '2', 'Additional Features': 'MyCitroën Connect With 40 Smart Features'}"
110,Citroen C3,1.2L PureTech 110,1199 cc,Manual,Petrol,19.3 kmpl,30 Litres,MacPherson Strut with Coil Spring,Rear Twist Beam with Coil Spring,"{'Touch Screen size': 'N/A', 'Connectivity': 'N/A', 'Tweeters': 'N/A', 'Additional Features': 'C-Buddy Personal Assistant Application'}"
111,Citroen C3 Aircross,PURETECH 110,1199 cc,Automatic,Petrol,17.6 kmpl,45 Litres,N/A,N/A,"{'Touch Screen size': 'N/A', 'Connectivity': 'Android Auto, Apple CarPlay', 'Tweeters': '2', 'Additional Features': 'Citroen Connect Touchscreen, Mirror Screen (Apple CarPlay™ And Android Auto™) Wireless Smartphone Connectivity, MyCitroen Connect With 35 Smart Features, C - Buddy Personal Assistant Application'}"
112,Citroen eC3,Lithium-Ion,41.92KW,Automatic,Electric,320 km,29.2 kWh,MacPherson Strut with Coil Spring,Rear Twist Beam with Coil Spring,"{'Touch Screen size': 'N/A', 'Connectivity': 'Android Auto, Apple CarPlay', 'Tweeters': 'N/A', 'Additional Features': ""Citroën Connect Touchscreen,Mirror Screen,Wireless Smartphone Connectivity,MyCitroën Connect, C - BUDDY' Personal Assistant Application,Smartphone Storage - Rear Console, Smartphone Charger Wire Guide on Instrument Panel,USB Port - Front 1 + Rear 2 Fast Charger""}"
113,Citroen C5 Aircross,DW10 FC,1997 cc,Automatic,Diesel,17.5 kmpl,52.5 Litres,Macpherson Strut Suspension with Double Progressive Hydraulic Cushions-Compression and Rebound,Twist Beam Axle with Single Progressive Hydraulic Cushions -Compression,"{'Touch Screen size': 'N/A', 'Connectivity': 'Android Auto, Apple CarPlay', 'Tweeters': 'N/A', 'Additional Features': 'Mirror Screen (Apple Carplay™ And Android Auto) - Smartphone Connectivity'}"
114,Aston Martin DB12,M177 biturbo V8,3982 cc,Automatic,Petrol,N/A,78 Litres,N/A,N/A,"{'Touch Screen size': 'N/A', 'Connectivity': 'Mirror Link', 'Tweeters': 'N/A', 'Additional Features': '""390-watt 11 Speaker Aston Martin Audio System, Bluetooth mobile phone connectivity with audio streaming, Satellite navigation system, USB ports (x2),12v charging socket, optional :- Bowers & Wilkins 15 SPEAKERS, DOUBLE AMPLIFIED AND 1170w OF IMMERSIVE SOUND , ALUMINIUM DOUBLE DOME TWEETERS AND CONTINUUM® MIDRANGE SPEAKERS ,DEDICATED 3D HEADLINE SPEAKERS AND POWERFUL SUBWOOFER,""'}"
115,Aston Martin Vantage,M177 AMG,3998 cc,Automatic,Petrol,N/A,73 Litres,N/A,N/A,"{'Touch Screen size': 'N/A', 'Connectivity': 'N/A', 'Tweeters': 'N/A', 'Additional Features': 'N/A'}"
116,Aston Martin DBX,"Quad Overhead Cam,4 litre twin turbo V8",3982 cc,Automatic,Petrol,N/A,85 Litres,N/A,N/A,"{'Touch Screen size': 'N/A', 'Connectivity': 'Android Auto, Apple CarPlay, SD Card Reader', 'Tweeters': 'N/A', 'Additional Features': 'N/A'}"
117,Audi Q5,2.0 L TFSI,1984 cc,Automatic,Petrol,13.47 kmpl,70 Litres,5-link front axle; tubular anti-roll bar,5-link rear axle; tubular anti-roll bar,"{'Touch Screen size': 'N/A', 'Connectivity': 'Android Auto, Apple CarPlay', 'Tweeters': 'N/A', 'Additional Features': '3D Premium Sound System, centre speaker and subwoofer, with a 16-channel amplifier the output of 755 watts'}"
118,Audi Q3,40 TFSI quattro S tronic,1984 cc,Automatic,Petrol,N/A,62 Litres,N/A,N/A,"{'Touch Screen size': 'N/A', 'Connectivity': 'N/A', 'Tweeters': 'N/A', 'Additional Features': 'N/A'}"
119,Audi Q7,3.0L V6 TFSI,2995 cc,Automatic,Petrol,N/A,N/A,Air Suspension,Air Suspension,"{'Touch Screen size': 'N/A', 'Connectivity': 'Android Auto, Apple CarPlay', 'Tweeters': 'N/A', 'Additional Features': '2 USB ports with charging function in rear, Dual screen MMI navigation plus with MMI touch response B&O premium sound system, Bang & Olufsen premium sound system with 3D sound, remarkable 730 W output, coupled with 3D sound technology'}"
120,Audi A4,2.0 L TFSI petrol engine,1984 cc,Automatic,Petrol,N/A,54 Litres,N/A,N/A,"{'Touch Screen size': 'N/A', 'Connectivity': 'N/A', 'Tweeters': 'N/A', 'Additional Features': 'Audi Virtual Cockpit Plus, Audi Phone Box with wireless charging, 25.65 cm Central MMI Touch Screen, MMI Navigation plus with MMI touch response, Audi Sound System, Audi Smartphone Interface,'}"
121,Audi A6,In Line Petrol Engine,1984 cc,Automatic,Petrol,14.11 kmpl,73 Litres,N/A,N/A,"{'Touch Screen size': 'N/A', 'Connectivity': 'Android Auto, Apple CarPlay, SD Card Reader', 'Tweeters': 'N/A', 'Additional Features': 'Electrically Extending High-Resolution 20.32cm Colour Display\n3D Map Representation With Display Of Lots Of Sightseeing Information and City Models\nDetailed Route Information: Map Preview, Choice of Alternative Routes, Lane Recommendations, Motorway Exits, Detailed Junction Maps\nAccess To Smartphone Voice Control\nDriver Information System With 17.78cm Colour Display\nBose Surround Sound System\nDVD player\nAudi sound system\nSubwoofers'}"
122,Audi Q8,V6,2995 cc,Automatic,Petrol,N/A,N/A,N/A,N/A,"{'Touch Screen size': 'N/A', 'Connectivity': 'N/A', 'Tweeters': 'N/A', 'Additional Features': 'N/A'}"
123,Audi RS5,V6,2894 cc,Automatic,Petrol,8.8 kmpl,58 Litres,RS Sports,RS Sports,"{'Touch Screen size': 'N/A', 'Connectivity': 'Android Auto, Apple CarPlay', 'Tweeters': 'N/A', 'Additional Features': 'Audi virtual cockpit plus,Audi sound system'}"
124,Audi e-tron,N/A,N/A,Automatic,Electric,484 km,95 kWh,5-link front axle; tubular anti-roll bar; air spring suspension,5-link rear axle; tubular anti-roll bar; air spring suspension,"{'Touch Screen size': 'N/A', 'Connectivity': 'Android Auto, Apple CarPlay', 'Tweeters': 'N/A', 'Additional Features': 'N/A'}"
125,Audi e-tron GT,Lithium ion,390 kW,Automatic,Electric,388-500 km,93 kWh,Air Suspension,Air Suspension,"{'Touch Screen size': 'N/A', 'Connectivity': 'Android Auto, Apple CarPlay', 'Tweeters': 'N/A', 'Additional Features': 'N/A'}"
126,Audi RS e-tron GT,Lithium-Ion,475 kW,Automatic,Electric,401-481 km,93 kWh,Air Suspension,Air Suspension,"{'Touch Screen size': 'N/A', 'Connectivity': 'Android Auto, Apple CarPlay', 'Tweeters': 'N/A', 'Additional Features': 'N/A'}"
127,Audi A8 L,55 TFSI quattro tiptronic,2995 cc,Automatic,Petrol,N/A,82 Litres,Five-link front axle; tubular anti-roll bar; air spring suspension,Five-link front axle; tubular anti-roll bar; air spring suspension,"{'Touch Screen size': 'N/A', 'Connectivity': 'N/A', 'Tweeters': 'N/A', 'Additional Features': 'N/A'}"
128,Audi Q3 Sportback,40 TFSI quattro,1984 cc,Automatic,Petrol,N/A,N/A,N/A,N/A,"{'Touch Screen size': 'N/A', 'Connectivity': 'Android Auto, Apple CarPlay', 'Tweeters': 'N/A', 'Additional Features': 'N/A'}"
129,Audi Q8 e-tron,Twin Electric Motor,402.3 kW,Automatic,Electric,582 km,106 kWh,Adaptive Air,Adaptive Air,"{'Touch Screen size': 'N/A', 'Connectivity': 'N/A', 'Tweeters': '-1', 'Additional Features': 'N/A'}"
130,Audi Q8 Sportback e-tron,Twin Electric Motor,402.3,Automatic,Electric,600 km,114 kWh,Adaptive Air,Adaptive Air,"{'Touch Screen size': 'N/A', 'Connectivity': 'Android Auto, Apple CarPlay', 'Tweeters': '-1', 'Additional Features': 'Bang 7 olufsen Premium 3D Sound System'}"
131,Audi RS Q8,V8 Twin Turbo Engine,3998 cc,Automatic,Petrol,8.26 kmpl,85 Litres,Sport Adaptive Air Suspension,Sport Adaptive Air Suspension,"{'Touch Screen size': 'N/A', 'Connectivity': 'Android Auto', 'Tweeters': 'N/A', 'Additional Features': 'N/A'}"
132,Audi S5 Sportback,3.0 L V6 TFSI Petrol engine,2994 cc,Automatic,Petrol,7.6 kmpl,58 Litres,S Sports suspension,S Sports suspension,"{'Touch Screen size': 'N/A', 'Connectivity': 'Android Auto, Apple CarPlay', 'Tweeters': 'N/A', 'Additional Features': 'N/A'}"
133,Bajaj Qute (RE60),N/A,216 cc,Manual,CNG,43 km/kg,35 Litres,"Independent Suspension With Twin Leading Arm,Coil Over Shock Absorber & Anti Roll Bar",Independent Suspension With Semi Trailing Arm And Coil Over Shock Absorber,"{'Touch Screen size': 'N/A', 'Connectivity': 'N/A', 'Tweeters': 'N/A', 'Additional Features': 'N/A'}"
134,Bentley Continental,6.0 litre W12 petrol,5950 cc,Automatic,Petrol,12.9 kmpl,90 Litres,N/A,N/A,"{'Touch Screen size': 'N/A', 'Connectivity': 'N/A', 'Tweeters': 'N/A', 'Additional Features': 'N/A'}"
135,Bentley Flying Spur,Twin Turbocharged W12 Eng,5950 cc,Automatic,Petrol,10.2 kmpl,90 Litres,N/A,N/A,"{'Touch Screen size': 'N/A', 'Connectivity': 'N/A', 'Tweeters': 'N/A', 'Additional Features': 'N/A'}"
136,Bentley Bentayga,4.0 V8 twin-turbocharged petrol engine,3993 cc,Automatic,Petrol,N/A,85 Litres,Four link Double Wishbones,Trapezoidak muliti-Link,"{'Touch Screen size': 'N/A', 'Connectivity': 'Android Auto, Apple CarPlay, SD Card Reader, HDMI Input, Mirror Link', 'Tweeters': 'N/A', 'Additional Features': 'N/A'}"
137,BMW X1,B47 twin-turbo I4,1995 cc,Automatic,Diesel,20.37 kmpl,51 Litres,N/A,N/A,"{'Touch Screen size': 'N/A', 'Connectivity': 'Android Auto, Apple CarPlay', 'Tweeters': 'N/A', 'Additional Features': 'BMW Live Cockpit Plus (Widescreen Curved Display, Fully Digital 10.25” Instrument Display, High-resolution 10.7” Control Display, BMW Operating System 8.0 with variable configurable widgets, Navigation function with real-time traffic information, Touch Functionality), Wireless Smartphone Integration, Comfort Access System with HiFi loudspeaker system by Harman Kardon with:(12 speakers and digital amplifier with Tweeter bezels in stainless steel with illuminated ‘Harman Kardon’ inscription), Bluetooth with audio streaming, handsfree and USB connectivity, BMW Connected Package Professional(Teleservices, Intelligent E-call, Remote Software Upgrade, MyBMW App with Remote Services, Intelligent Personal Assistant, MyModes)'}"
138,BMW X7,3.0 L 6-cylinder diesel,2993 cc,Automatic,Diesel,14.31 kmpl,N/A,N/A,N/A,"{'Touch Screen size': 'N/A', 'Connectivity': 'Android Auto, Apple CarPlay', 'Tweeters': 'N/A', 'Additional Features': 'BMW Gesture Control, Teleservices, Intelligent E-call, Remote software upgrade, MyBMW App with Remote Services, Intelligent Personal Assistant, BMW Operating System 8.0 with variable configurable widgets, Harman Kardon Surround Sound system, Drive Recorder, Anti-Theft Recorder, Surround view cameras with 360 degree view including top view, panorama view and 3D view'}"
139,BMW X5,TwinPower Turbo 6-cylinder engine,2993 cc,Automatic,Diesel,12 kmpl,N/A,Adaptive 2-axle Air Suspension,Adaptive 2-axle Air Suspension,"{'Touch Screen size': 'N/A', 'Connectivity': 'Android Auto, Apple CarPlay', 'Tweeters': 'N/A', 'Additional Features': '464 W Harman Kardon Surround Sound system, BMW Connected Package Professional(Teleservices, Intelligent E-call, Remote software upgrade, MyBMW App with Remote Services, Intelligent Personal Assistant), Digital Key Plus'}"
140,BMW i7,N/A,N/A,Automatic,Electric,560 km,101.7 kWh,N/A,N/A,"{'Touch Screen size': 'N/A', 'Connectivity': 'N/A', 'Tweeters': '5', 'Additional Features': 'N/A'}"
141,BMW Z4,TwinPower Turbo 6-cylinder,2998 cc,Automatic,Petrol,N/A,52 Litres,Adaptive M suspension,Adaptive M suspension,"{'Touch Screen size': 'N/A', 'Connectivity': 'Android Auto, Apple CarPlay', 'Tweeters': 'N/A', 'Additional Features': 'Optional (Harman Kardon Surround system (408 W, 7 channels, 12 loudspeakers), Wireless Charging), HiFi Loudspeaker system (205 W), iDrive Controller, BMW Live Cockpit Professional (BMW Operating System 7.0, Navigation with 3D Maps, 10.25” Display screen with touch functionality, Configurable user interface), Wireless Apple CarPlay, Bluetooth with audio streaming, hands-free and USB connectivity'}"
142,BMW XM,4.4 L S68 twin-turbo V8,4395 cc,Automatic,Petrol,11.29 kmpl,N/A,Adaptive M Suspension,Adaptive M Suspension,"{'Touch Screen size': 'N/A', 'Connectivity': 'Android Auto, Apple CarPlay', 'Tweeters': 'N/A', 'Additional Features': 'Wireless Smartphone Integration, BMW Head-Up Display with M specific view, Travel and Comfort System (2x USB Type C charging with 3 A in backrests of 1st row of seats, 2x preparations for multifunction bracket in backrests of 1st seat row), Bowers & Wilkins Diamond surround sound system (Surround audio system with studio-quality acoustic technologies, 3D audio via headliner loudspeaker, 20 loudspeakers, 1475 W power, - Illuminated elements )'}"
143,BMW M2,3.0 M TwinPower Turbo inline,2993 cc,Automatic,Petrol,10.13 kmpl,52 Litres,N/A,N/A,"{'Touch Screen size': 'N/A', 'Connectivity': 'N/A', 'Tweeters': 'N/A', 'Additional Features': 'Bluetooth with audio streaming, hands-free and USB connectivity,Harman Kardon Surround Sound System,Fully Digital 12.3” Instrument Display, High-resolution 14.9” Curved Display,BMW Operating System 8.0 with variable configurable widgets,Navigation Function with 3D maps,Touch Functionality,iDrive Controller,Voice Control,Teleservices,Intelligent E-call,Remote Software Upgrade,Intelligent Personal Assistant'}"
144,BMW X3,B58 Turbocharged I6,2998 cc,Automatic,Petrol,16.35 kmpl,65 Litres,independent damping,independent damping,"{'Touch Screen size': 'N/A', 'Connectivity': 'Android Auto, Apple CarPlay', 'Tweeters': 'N/A', 'Additional Features': 'Wireless Smartphone Integration, Harman Kardon Surround Sound system, Gesture Control, Surround view camera with 3D view, BMW Live Cockpit Professional 12.3” Instrument Display, High-resolution 12.3” Control Display, BMW Operating System 7.0 with variable configurable widgets, Navigation function with 3D maps, Touch functionality, iDrive Touch Controller with turn and press function, BMW Virtual Assistant'}"
145,BMW 3 Series,B58 Turbocharged I6,2998 cc,Automatic,Petrol,13.02 kmpl,59 Litres,M Sport Suspension,M Sport Suspension,"{'Touch Screen size': 'N/A', 'Connectivity': 'Android Auto, Apple CarPlay', 'Tweeters': 'N/A', 'Additional Features': 'Wireless Smartphone Integration, Harman Kardon Surround Sound, Widescreen Curved Display, Fully Digital 12.3” (31.2 cm) Instrument Display, BMW Operating System 8.0 with variable configurable widgets,Navigation function with RTTI and 3D maps, Touch functionality, iDrive Touch with handwriting recognition and direct access buttons, Teleservices, Intelligent E-call, Remote software upgrade, MyBMW App with Remote Services, Intelligent Personal Assistant'}"
146,BMW 5 Series,N/A,1998 cc,Automatic,Petrol,N/A,N/A,N/A,N/A,"{'Touch Screen size': 'N/A', 'Connectivity': 'N/A', 'Tweeters': 'N/A', 'Additional Features': 'N/A'}"
147,BMW iX,Lithium-ion,240,Automatic,Electric,575 km,111.5 kWh,air suspension,air suspension,"{'Touch Screen size': 'N/A', 'Connectivity': 'Android Auto, Apple CarPlay', 'Tweeters': 'N/A', 'Additional Features': 'BMW Virtual Assistant,10.9-inch central display, 10.9-inch front passenger display including Cockpit tile,BMW Live Cockpit Professional,'}"
148,BMW 7 Series,B57 turbo I6,2993 cc,Automatic,Diesel,N/A,74 Litres,Air Suspension,Air Suspension,"{'Touch Screen size': 'N/A', 'Connectivity': 'Android Auto, Apple CarPlay', 'Tweeters': 'N/A', 'Additional Features': 'Theatre Screen with:( 31.3” ultra-wide format in 32:9 with 8K resolution, Amazon Fire TV Ecosystem, Theatre mode, HDMI interface for external content, e.g.: TV sticks, mobile phones, games console, computer, Display can be electrically folded and moved for maximum distance from the eyes), Bowers & Wilkins surround sound system (18 Speaker system with 4 head restraint integrated speakers, 2 central bass speakers & 2 impulse compensated bass speakers in front doors with the output of 655 Watts), Optional equipment (Bowers & Wilkins Diamond Surround Sound System (35 Speaker system, 8 head restraint integrated speakers, 4D Audio, Total system output 1965 Watts)'}"
149,BMW 2 Series,N20/B48 I4,1998 cc,Automatic,Petrol,14.82 kmpl,N/A,Single-joint spring strut axle in lightweight aluminium-steel construction,Adaptive M-specific Suspension,"{'Touch Screen size': 'N/A', 'Connectivity': 'Android Auto, Apple CarPlay', 'Tweeters': 'N/A', 'Additional Features': 'Smartphone Integration with Wireless functionality, High-resolution (1920x720 pixels) 10.25” (26.03 cm) Control Display, BMW Operating System 7.0 with variable configurable widgets, Navigation Function with 3D maps, Touch Functionality, iDrive Touch with handwriting recognition and direct access buttons, Hi-Fi loudspeaker system with 10 speakers and total output of 205 watts'}"
150,BMW X4,3.0L TwinPower Turbo inline,2993 cc,Automatic,Petrol,N/A,68 Litres,Adaptive M,Adaptive M,"{'Touch Screen size': 'N/A', 'Connectivity': 'Android Auto, Apple CarPlay', 'Tweeters': 'N/A', 'Additional Features': 'N/A'}"
151,BMW 6 Series,TwinPower Turbo inline 4-cylinder engine,1995 cc,Automatic,Diesel,18.65 kmpl,N/A,Adaptive Air Suspension,Dynamic Damper Control,"{'Touch Screen size': 'N/A', 'Connectivity': 'Android Auto, Apple CarPlay', 'Tweeters': 'N/A', 'Additional Features': 'Harman Kardon Surround Sound systemm,iDrive Touch with handwriting recognition, High-resolution (1920x720 pixels) 31 cm 12.3” Control Display,BMW Operating System 7.0 with variable configurable widgets,Navigation function with 3D maps,BMW Virtual Assistant,Screen Mirroring - transfer from screen of a suitable mobile device into the rear display,Wireless charging with extended functionality,2 x USB connections in centre console'}"
152,BMW iX1,Lithium lon,230 kW,Automatic,Electric,417-440 km,66.4 kWh,Double wishbone,Five-link,"{'Touch Screen size': 'N/A', 'Connectivity': 'Android Auto, Apple CarPlay', 'Tweeters': 'N/A', 'Additional Features': 'Wireless Apple CarPlay Android Auto'}"
153,BMW M4 Competition,B58 Twin-Turbocharged I6,2993 cc,Automatic,Petrol,9.7 kmpl,60 Litres,Adaptive Suspension with Double-Joint Spring Strut Front Axle,Adaptive Suspension with Five Link Rear Axle,"{'Touch Screen size': 'N/A', 'Connectivity': 'N/A', 'Tweeters': 'N/A', 'Additional Features': 'N/A'}"
154,BMW i5,N/A,442 kw,Automatic,Electric,516 km,83.9 kWh,Adaptive Suspension,Adaptive Suspension,"{'Touch Screen size': 'N/A', 'Connectivity': 'N/A', 'Tweeters': 'N/A', 'Additional Features': 'N/A'}"
155,BMW 3 Series Gran Limousine,TwinPower Turbo,1998 cc,Automatic,Petrol,15.39 kmpl,N/A,N/A,N/A,"{'Touch Screen size': 'N/A', 'Connectivity': 'Android Auto, Apple CarPlay', 'Tweeters': 'N/A', 'Additional Features': 'Wireless Apple CarPlay & Android Auto,BMW Operating System 8.0 with variable configurable widgets,Navigation function with RTTI and 3D maps,Touch functionality, iDrive Touch with handwriting recognition and direct access buttons,Voice Control'}"
156,BMW i4,Lithium-Ion,210 kW,Automatic,Electric,590 km,83.9 kWh,Air Suspension,Air Suspension,"{'Touch Screen size': 'N/A', 'Connectivity': 'Android Auto, Apple CarPlay', 'Tweeters': 'N/A', 'Additional Features': '17 speakers with 464 W Harman Kardon Surround Sound System, Bluetooth with audio streaming, handsfree and USB connectivity, BMW Live Cockpit Plus:- (Fully Digital 12.3"" Instrument Display, High-resolution 14.9"" Curved Display, BMW Operating System 8.0 with variable configurable widgets, Navigation Function with map view in navigation widget, iDrive Controller, Touch functionality on the Curved Display, Voice control with personal assistance - ""Hey BMW""), Smartphone Integration - Apple CarPlay & Android Auto with wireless functionality, 2x dual USB Type C 3A charging function in the rear centre console, High-resolution 14.9"" Curved Display, Operating System 8.0 with variable configurable widgets, Navigation Function with map view in navigation widget, Voice control with personal assistance - ""Hey BMW"", Harman Kardon Surround Sound System (464 W, 17 speakers), Fine-wood Trim oak grain open-pored,'}"
157,BMW M8 Coupe Competition,petrol engine,4395 cc,Automatic,Petrol,8.7 kmpl,68 Litres,Adaptive M Suspension,Adaptive M Suspension,"{'Touch Screen size': 'N/A', 'Connectivity': 'Android Auto', 'Tweeters': 'N/A', 'Additional Features': 'BMW Live Cockpit Professional, Fully digital 12.3” Instrument Display, High-resolution (1920x720 pixels) 12.3” Control Display, BMW Operating System 7 with variable, configurable widgets, Navigation Function with 3D maps, Touch Functionality, iDrive Controller, Voice Control, Full colour BMW Head-up Display, Harman Kardon Surround Sound system (464 W, 16 speakers), Parking Assistant Plus, camera and ultrasound-based Park Distance Control (PDC), system in front and rear with Reversing Assistant, Rear-View Camera, Surround View Cameras with 360 degree view including top view, panorama view and 3D view, Telephony with wireless charging with extended functionality,Bluetooth with audio streaming, hands-free and USB connectivity, BMW Gesture Control, Smartphone Integration,BMW Display Key, with LCD colour display and touch control panel,'}"
158,BYD Seal,Lithium-Ion,N/A,Automatic,Electric,580 km,82.56 kWh,Double Wishbone,Multi-Link,"{'Touch Screen size': 'N/A', 'Connectivity': 'Android Auto, Apple CarPlay', 'Tweeters': 'N/A', 'Additional Features': '2 Wireless phone charger,2V accessory socket,intelligent rotating touch screen display,DYNAUDIO speakers,Android Auto (wireless),Apple CarPlay(USB),'}"
159,BYD Atto 3,Blade Battery,150 kW,Automatic,Electric,521 km,60.48 kWh,Macpherson Strut,Multi-Link,"{'Touch Screen size': 'N/A', 'Connectivity': 'N/A', 'Tweeters': 'N/A', 'Additional Features': 'Dirac HD sound, 8 speakers'}"
160,BYD E6,Blade Battery,70 kW,Automatic,Electric,415-520 km,71.7 kWh,McPherson,Multi-link,"{'Touch Screen size': 'N/A', 'Connectivity': 'N/A', 'Tweeters': 'N/A', 'Additional Features': 'N/A'}"
161,Ferrari 812,V12 - 65°,6496 cc,Automatic,Petrol,N/A,92 Litres,adaptive magnetic suspension,adaptive magnetic suspension,"{'Touch Screen size': 'N/A', 'Connectivity': 'Android Auto, Apple CarPlay', 'Tweeters': 'N/A', 'Additional Features': 'N/A'}"
162,Ferrari 296 GTB,V6 hybrid,2992 cc,Automatic,Petrol,N/A,65 Litres,N/A,N/A,"{'Touch Screen size': 'N/A', 'Connectivity': 'Android Auto, Apple CarPlay', 'Tweeters': 'N/A', 'Additional Features': 'N/A'}"
163,Ferrari SF90 Stradale,V8-90°-turbo,3990 cc,Automatic,Petrol,N/A,68 Litres,"independent,double wishbones(Adaptive Dampers)","independent, multi-link(Adaptive Dampers)","{'Touch Screen size': 'N/A', 'Connectivity': 'Android Auto', 'Tweeters': 'N/A', 'Additional Features': 'N/A'}"
164,Ferrari F8 Tributo,90-degree V8 twin turbo Engine,3902 cc,Automatic,Petrol,N/A,78 Litres,"independent,double wishbones(Adaptive Dampers)","independent,multi-link(Adaptive Dampers)","{'Touch Screen size': 'N/A', 'Connectivity': 'N/A', 'Tweeters': 'N/A', 'Additional Features': 'N/A'}"
165,Ferrari Roma,V8 - 90° turbo,3855 cc,Automatic,Petrol,8.93 kmpl,80 Litres,Magnetorheological damper,Magnetorheological damper,"{'Touch Screen size': 'N/A', 'Connectivity': 'Android Auto', 'Tweeters': 'N/A', 'Additional Features': 'N/A'}"
166,Force Gurkha,FM 2.6L CRDi,2596 cc,Manual,Diesel,N/A,63.5 Litres,Coil Spring Suspension,Coil Spring Suspension,"{'Touch Screen size': 'N/A', 'Connectivity': 'N/A', 'Tweeters': 'N/A', 'Additional Features': 'USB cable mirroring'}"
167,Force Urbania,FM2.6CR ED,2596 cc,Manual,Diesel,N/A,70 Litres,Leaf spring,Leaf spring,"{'Touch Screen size': 'N/A', 'Connectivity': 'N/A', 'Tweeters': 'N/A', 'Additional Features': 'N/A'}"
168,Force Gurkha 5 Door,FM 2.6 CR CD,2596 cc,Manual,Diesel,N/A,63.5 Litres,Independent Double Wishbone With Coil Spring,Multi - Link With pan Hard Rod & Coil Spring,"{'Touch Screen size': 'N/A', 'Connectivity': 'Android Auto, Apple CarPlay', 'Tweeters': 'N/A', 'Additional Features': 'N/A'}"
169,Isuzu D-Max,VGT Intercooled Diesel,2499 cc,Manual,Diesel,N/A,55 Litres,"Double Wishbone, Coil Spring",Semi-Elliptic Leaf Spring,"{'Touch Screen size': 'N/A', 'Connectivity': 'N/A', 'Tweeters': 'N/A', 'Additional Features': 'N/A'}"
170,Isuzu MU-X,1.9L Ddi Diesel,1898 cc,Automatic,Diesel,12.31 kmpl,55 Litres,"Independent, Double wishbone, coil springs",Penta-link coil suspension,"{'Touch Screen size': 'N/A', 'Connectivity': 'Android Auto, Apple CarPlay', 'Tweeters': 'N/A', 'Additional Features': 'N/A'}"
171,Isuzu V-Cross,4 Cylinder VGS Turbo Intercooled Diesel,1898 cc,Automatic,Diesel,N/A,55 Litres,"Independent Double Wishbone, Coil Spring","Soft Ride, Leaf Spring","{'Touch Screen size': 'N/A', 'Connectivity': 'Android Auto, Apple CarPlay', 'Tweeters': '4', 'Additional Features': 'wireless Android Auto/Apple Car Play ,USB Ports (Centre Console, Entertainment System & 2nd Row Floor Console)'}"
172,Isuzu S-CAB,VGT Intercooled Diesel,2499 cc,Manual,Diesel,N/A,55 Litres,"Double Wishbone, Coil Spring",Semi-Elliptic Leaf Spring,"{'Touch Screen size': 'N/A', 'Connectivity': 'N/A', 'Tweeters': 'N/A', 'Additional Features': 'N/A'}"
173,Isuzu S-CAB Z,Variable Geometric Turbo Intercooled,2499 cc,Manual,Diesel,N/A,55 Litres,"Double Wishbone, with Coil Springs & stabilizer",Semi-Elliptic Leaf Spring,"{'Touch Screen size': 'N/A', 'Connectivity': 'Android Auto, Apple CarPlay', 'Tweeters': '2', 'Additional Features': 'N/A'}"
174,Isuzu Hi-Lander,VGS Turbo Intercooled Diesel,1898 cc,Manual,Diesel,N/A,55 Litres,"Independent Double Wishbone, Coil Spring","Soft Ride, Leaf Spring","{'Touch Screen size': 'N/A', 'Connectivity': 'N/A', 'Tweeters': 'N/A', 'Additional Features': 'N/A'}"
175,Jaguar F-Pace,2.0L Ingenium Turbocharged I4,1997 cc,Automatic,Diesel,19.3 kmpl,60 Litres,N/A,N/A,"{'Touch Screen size': 'N/A', 'Connectivity': 'Android Auto, Apple CarPlay', 'Tweeters': 'N/A', 'Additional Features': '12 SPEAKERS 1 SUBWOOFER 400 W AMPLIFIER POWER'}"
176,Jaguar F-TYPE,P450 Petrol Engine,5000 cc,Automatic,Petrol,N/A,70 Litres,N/A,N/A,"{'Touch Screen size': 'N/A', 'Connectivity': 'N/A', 'Tweeters': 'N/A', 'Additional Features': 'N/A'}"
177,Jaguar I-Pace,Lithium ion,294 kW,Automatic,Electric,470 km,90 kw kWh,N/A,N/A,"{'Touch Screen size': 'N/A', 'Connectivity': 'Android Auto, Apple CarPlay', 'Tweeters': 'N/A', 'Additional Features': 'Lower Touchscreen, Jaguar Remote App, Apple CarPlay and Android Auto, Pivi Pro with 25.40 cm (10) Touchscreen, Navigation, MeridianTM 3D Surround Sound System'}"
178,Lamborghini Urus,V8 bi-turbo engine,3999 cc,Automatic,Petrol,N/A,85 Litres,Multi link suspension,Multi link suspension,"{'Touch Screen size': 'N/A', 'Connectivity': 'Android Auto, Apple CarPlay', 'Tweeters': 'N/A', 'Additional Features': 'Lamborghini Infotainment System III (LIS III), Bang & Olufsen sound system with 21 loudspeakers and a power output of 1700 watts.'}"
179,Lamborghini Revuelto,V12 NA 6.5l,6498 cc,Automatic,Petrol,N/A,N/A,double wishbone with LMR dampers,double wishbone with LMR dampers,"{'Touch Screen size': 'N/A', 'Connectivity': 'Android Auto, Apple CarPlay', 'Tweeters': 'N/A', 'Additional Features': 'N/A'}"
180,Lamborghini Huracan EVO,"V10 cylinder 90°,dual injection",5204 cc,Automatic,Petrol,N/A,80 Litres,N/A,N/A,"{'Touch Screen size': 'N/A', 'Connectivity': 'Android Auto, Apple CarPlay', 'Tweeters': 'N/A', 'Additional Features': '8.4” HMI capacitive touchscreen'}"
181,Land Rover Defender,4.4-Litre Twin-Turbocharged V8,4367 cc,Automatic,Petrol,N/A,90 Litres,Double Wishbone with Coil Springs and Electronic Air Suspension,Multi-link with Coil Springs and Electronic Air Suspension,"{'Touch Screen size': 'N/A', 'Connectivity': 'Android Auto, Apple CarPlay', 'Tweeters': 'N/A', 'Additional Features': 'N/A'}"
182,Land Rover Range Rover,P400 Ingenium Turbocharged I6 MHEV,2996 cc,Automatic,Petrol,10.42 kmpl,90 Litres,"SLA Double Wishbone with Virtual Swivel Axis and Split Lower Arm, Electronic Air Suspension with Dynamic Response","5-link axle, Electronic Air Suspension with Dynamic Response","{'Touch Screen size': 'N/A', 'Connectivity': 'N/A', 'Tweeters': 'N/A', 'Additional Features': 'N/A'}"
183,Land Rover Range Rover Velar,TD4 Engine,1997 cc,Automatic,Petrol,N/A,82 Litres,N/A,N/A,"{'Touch Screen size': 'N/A', 'Connectivity': 'N/A', 'Tweeters': '-1', 'Additional Features': 'Pro Service and WI-FI Hotspot'}"
184,Land Rover Range Rover Evoque,2.0L Diesel,1997 cc,Automatic,Diesel,N/A,67 Litres,MacPherson Strut with passive anti-roll bar,Integral Multi-Link with passive anti-roll bar,"{'Touch Screen size': 'N/A', 'Connectivity': 'N/A', 'Tweeters': 'N/A', 'Additional Features': 'N/A'}"
185,Land Rover Range Rover Sport,3.0 L 6-cylinder,2997 cc,Automatic,Petrol,N/A,86 Litres,N/A,N/A,"{'Touch Screen size': 'N/A', 'Connectivity': 'N/A', 'Tweeters': 'N/A', 'Additional Features': 'N/A'}"
186,Land Rover Discovery,3.0 L 6-cylinder,2997 cc,Automatic,Diesel,N/A,N/A,Electronic Air Suspension,Electronic Air Suspension,"{'Touch Screen size': 'N/A', 'Connectivity': 'N/A', 'Tweeters': 'N/A', 'Additional Features': 'N/A'}"
187,Land Rover Discovery Sport,Diesel Engine,1999 cc,Automatic,Diesel,6.9 kmpl,65 Litres,N/A,N/A,"{'Touch Screen size': 'N/A', 'Connectivity': 'Android Auto, Apple CarPlay, Mirror Link', 'Tweeters': 'N/A', 'Additional Features': 'Pro Services & Wi-Fi Hotspot\nInControl Apps'}"
188,Lexus LM,Inline With Dual VVT-i,2487 cc,Automatic,Petrol,N/A,60 Litres,MacPherson strut-type,Double wishbone type,"{'Touch Screen size': 'N/A', 'Connectivity': 'Android Auto, Apple CarPlay', 'Tweeters': 'N/A', 'Additional Features': 'N/A'}"
189,Lexus ES,2AR-FXE,2487 cc,Automatic,Petrol,N/A,50 Litres,MacPherson struts,Double Wishbone,"{'Touch Screen size': 'N/A', 'Connectivity': 'Android Auto, Apple CarPlay', 'Tweeters': 'N/A', 'Additional Features': '2 Audio Jack , AUX-in 12 V DC Connector , Electro Multi Vision Touch Display , Multimedia Audio System((Mark Levinson, Mark levinson 17 speakers (front 3 speakers,4 door speakers, 2 front door woofers, 1 rear subwoofers, 1 amplifier))), Smartphone connectivity (Wireless Apple Car Play / Wired Android Auto,'}"
190,Lexus LC 500h,3.5-literV6FourCam,3456 cc,Automatic,Petrol,12.3 kmpl,82 Litres,N/A,N/A,"{'Touch Screen size': 'N/A', 'Connectivity': 'Mirror Link', 'Tweeters': 'N/A', 'Additional Features': '26.16 cm (10.3-inch) EMV (Electro Multi-Vision) display with Remote Touch Interface, Mark Levinson Reference Surround Sound System with AM/FM radio, in-dash DVD player, 13 speakers, MP3 and WMA play compatible, DSP, ASL, Clari-Fi, Bluetooth function with hands-free calling, wireless connection with AV-profile compliant player, 2 USB ports/mini-jack, Smartphone connectivity'}"
191,Lexus LS,8GR FXS V6 24-valve DOHC with Dual VVT-i,3456 cc,Automatic,Petrol,15.4 kmpl,82 Litres,N/A,N/A,"{'Touch Screen size': 'N/A', 'Connectivity': 'Android Auto, Apple CarPlay', 'Tweeters': 'N/A', 'Additional Features': '12.3 inch Display, Mark Levinson 23 Speakers - 2,400 Equivalent Total Watts, Rear Seat Entertainment (Dual RSE Monitors - 29.5 cm (11.6 inch) HD)'}"
192,Lexus LX,3.5-liter V6 twin-turbo,3346 cc,Automatic,Diesel,N/A,80 Litres,Adaptive Variable Suspension,Adaptive Variable Suspension,"{'Touch Screen size': 'N/A', 'Connectivity': 'Android Auto, Apple CarPlay', 'Tweeters': 'N/A', 'Additional Features': '31.24 cm (12.3-inch) Electro Multi-Vision (EMV) Multimedia infotainment Touch display, Audio Mark Levinson 25 Speakers 3D Surround Sound System, Rear Seat Entertainment (Dual RSE Monitors) 11.6-inch touch displays, HDMI jack, 2 headphone jacks, wireless remote control, Wireless Apple CarPlay, Wired Android Auto, 17.78 cm (7-inch) Electro Multi-Vision (EMV) Drive dynamics control touch displays'}"
193,Lexus NX,A25B-FXS,2487 cc,Automatic,Petrol,N/A,55 Litres,N/A,N/A,"{'Touch Screen size': 'N/A', 'Connectivity': 'Android Auto, Apple CarPlay', 'Tweeters': 'N/A', 'Additional Features': 'Lexus Navigation system,Mark Levinson,Interior Illumination with 14 colours'}"
194,Lexus RX,2.5L in-line Twin Cam (A25A-FXS/A25B-FXS,2487 cc,Automatic,Petrol,N/A,259.2v kWh,MacPherson Struts,"Multi-link Type, Coil Spring","{'Touch Screen size': 'N/A', 'Connectivity': 'Android Auto, Apple CarPlay', 'Tweeters': 'N/A', 'Additional Features': '14-inch EMV (Electro Multi-Vision) touch display; Apple CarPlay and Wired Android Auto compatible, Mark Levinson Premium Surround Sound System; 21 speakers, Clari-Fi,QLS'}"
195,Lotus Eletre,N/A,450 kW,Automatic,Electric,500 km,112 kWh,Multi-link,Multi-link,"{'Touch Screen size': 'N/A', 'Connectivity': 'Android Auto, Apple CarPlay', 'Tweeters': 'N/A', 'Additional Features': 'N/A'}"
196,Maserati Levante,3.0L V6 Diesel Engine,2979 cc,Automatic,Petrol,12 kmpl,80 Litres,Air Adaptive Suspensions,Air Adaptive Suspensions,"{'Touch Screen size': 'N/A', 'Connectivity': 'Android Auto, Apple CarPlay, SD Card Reader', 'Tweeters': 'N/A', 'Additional Features': '8.4 inch Maserati Touch Control Plus'}"
197,Maserati GranTurismo,V-Type Petrol Engine,4691 cc,Automatic,Petrol,10 kmpl,86 Litres,N/A,N/A,"{'Touch Screen size': 'N/A', 'Connectivity': 'N/A', 'Tweeters': 'N/A', 'Additional Features': 'N/A'}"
198,Maserati Grecale,V6 90°,3000 cc,Automatic,Petrol,N/A,64 Litres,N/A,N/A,"{'Touch Screen size': 'N/A', 'Connectivity': 'N/A', 'Tweeters': 'N/A', 'Additional Features': 'N/A'}"
199,Maserati Ghibli,3.8L Twin-Turbocharged V8,3799 cc,Automatic,Petrol,N/A,80 Litres,SKYHOOK SUSPENSION,SKYHOOK SUSPENSION,"{'Touch Screen size': 'N/A', 'Connectivity': 'Android Auto, Apple CarPlay', 'Tweeters': 'N/A', 'Additional Features': 'N/A'}"
200,Maserati Quattroporte,V-Type Petrol Engine,3799 cc,Automatic,Petrol,11.76 kmpl,80 Litres,,,"{'Touch Screen size': 'N/A', 'Connectivity': 'Android Auto, Apple CarPlay, SD Card Reader', 'Tweeters': 'N/A', 'Additional Features': '8.4 inch infotainment system\nWi-Fi Hotspot'}"
201,Maserati GranCabrio,V Type Diesel Engine,4691 cc,Automatic,Diesel,10.2 kmpl,75 Litres,N/A,N/A,"{'Touch Screen size': 'N/A', 'Connectivity': 'N/A', 'Tweeters': 'N/A', 'Additional Features': 'N/A'}"
202,Mclaren GT,M840TE,3994 cc,Automatic,Petrol,N/A,72 Litres,N/A,N/A,"{'Touch Screen size': 'N/A', 'Connectivity': 'Android Auto, Apple CarPlay', 'Tweeters': 'N/A', 'Additional Features': 'Homelink (only for selected markets), McLaren Infotainment System II (MIS II) 7” portrait touch screen monitor, Navigation (inc. cluster turn-by-turn display), On-board memory, Audio media player, AM/FM radio, DAB radio (SiriusXM for federal), Bluetooth telephony, Voice control for infotainment, AUX in , iPod / iPhone integration, McLaren 4-speaker audio system'}"
203,Mclaren 750S,M840T,3994 cc,Automatic,Petrol,N/A,72 Litres,N/A,N/A,"{'Touch Screen size': 'N/A', 'Connectivity': 'Android Auto, Apple CarPlay', 'Tweeters': 'N/A', 'Additional Features': 'Bowers & Wilkins sound system ,'}"
204,Mercedes-Benz GLA,OM 651 DE 22 LA,1950 cc,Automatic,Diesel,18.9 kmpl,N/A,air suspension,air suspension,"{'Touch Screen size': 'N/A', 'Connectivity': 'Android Auto, Apple CarPlay', 'Tweeters': 'N/A', 'Additional Features': 'N/A'}"
205,Mercedes-Benz Maybach GLS,V Type,3982 cc,Automatic,Petrol,N/A,N/A,N/A,N/A,"{'Touch Screen size': 'N/A', 'Connectivity': 'Android Auto', 'Tweeters': 'N/A', 'Additional Features': 'N/A'}"
206,Mercedes-Benz C-Class,Petrol Mild Hybrid,1999 cc,Automatic,Petrol,N/A,66 Litres,Adaptive Damping System,Adaptive Damping System,"{'Touch Screen size': 'N/A', 'Connectivity': 'N/A', 'Tweeters': 'N/A', 'Additional Features': 'Burmester 3D surround sound system (15 high-quality speakers with 710 watt)'}"
207,Mercedes-Benz GLS,N/A,2925 cc,Automatic,Diesel,N/A,N/A,Air Suspension,Air Suspension,"{'Touch Screen size': 'N/A', 'Connectivity': 'Android Auto, Apple CarPlay', 'Tweeters': 'N/A', 'Additional Features': '""Burmester surround sound system( 590 watts of system power,audio experience with Dolby Atmos,Advanced noise compensation (VNC) dynamically adapts music and sounds),Sound Personalization (option for personal profile), Wireless charging system for mobile devices at the front and rear, MBUX Entertainment (Music streaming like Amazon Music, Apple Music, Spotify into vehicles, providing access to internet radio stations and podcasts),MBUX Entertainment and Extended functions(Music streaming like Amazon Music, Apple Music, Spotify into vehicles, providing access to internet radio stations and podcasts,Natural language understanding,Learning-capable MBUX language assistant,Personal profiles(Customize your mood by saving individual theme worlds, such as DYNAMIC SELECT driving programs, radio stations, and ambient lighting.), Prediction functions(personal assistant for phone number on the multimedia system, Hard-Disc Navigation(Hard-Disc navigation,2D and 3D map display, MBUX voice assistant to input data and start route guidance, even understanding everyday language, online connectivity, map data is updated as needed and automatically via the mobile network.), Smartphone integration (Wireless smartphone integration supports Android Auto and Apple CarPlay, Display apps from selected third-party providers, Access to current software and data e.g. for navigation, traffic information, contact details, messaging, telephony, media, IP radio,User interface optimized for driving,Control of smartphone functions via voice control), MBUX rear tablet (7.4-inch MBUX rear tablet, Use all the MBUX multimedia system and control comfort features,HDMI or Bluetooth via mobile device, tablet or laptop. It Has touch and voice input both), Power closing (servo closing function pulls your doors gently and almost silently into the lock),""'}"
208,Mercedes-Benz E-Class,3.0 L in-line 6 cylinder engine,2925 cc,Automatic,Diesel,N/A,80 Litres,N/A,N/A,"{'Touch Screen size': 'N/A', 'Connectivity': 'N/A', 'Tweeters': 'N/A', 'Additional Features': 'Burmester® surround sound system,'}"
209,Mercedes-Benz GLC,OM654M,1993 cc,Automatic,Diesel,19.4 kmpl,66 Litres,Selective Damping System,Selective Damping System,"{'Touch Screen size': 'N/A', 'Connectivity': 'Android Auto, Apple CarPlay', 'Tweeters': 'N/A', 'Additional Features': 'connect with Alexa, Google Home integration and Parking location on navigation system'}"
210,Mercedes-Benz S-Class,M256 engine,2999 cc,Automatic,Petrol,N/A,76 Litres,AIRMATIC suspension,air suspension,"{'Touch Screen size': 'N/A', 'Connectivity': 'Android Auto, Apple CarPlay, Mirror Link', 'Tweeters': 'N/A', 'Additional Features': 'USB package Plus, OLED central display (12.8 inch), Natural voice control, Touch control concept, Wireless charging system in the front, Wireless charging system for mobile devices in the rear, Burmester® 3D surround sound system, Sound personalization, Wireless Smartphone Integration, Fingerprint scanner, MBUX Entertainment MBUX Navigation MBUX High-End Rear Seat Entertainment System ( 2-high-resolution 11.6-inch displays) MBUX rear tablet use Like a remote control, can access MBUX multimedia system for example and control comfort equipment. With the full-fledged 7-inch tablet you can also use the internet or Android apps. The features of the tablet: 1. WiFi-enabled tablet with 7-inch high-resolution display (1280 x 800 pixels) Headphone connection via Bluetooth or 3.5 mm audio jack. Docking station with charging function in the centre armrest 2. MBUX remote control of the central display. 3. Direct access to available equipment: MBUX multimedia system with media Display of the distance to the set destination incl. arrival time Rear compartment air conditioning system, in conj. with THERMOTRONIC automatic climate control in the rear or seat climate control in the rear Seat massage, in conj. with Rear Seat Comfort Package 4. Ambient lighting. Change from MBUX to Android mode with: Web browser Android apps 5. Mirroring of the rear displays incl. depiction of navigation, in conj. with MBUX High-End Rear Seat Entertainment System The tablet can also be used as a standalone android tablet as well. Additional Mercedes me connect features (Alexa Home and Google Home Integration with Mercedes me connect) Parking location POIs (Points of Interest) Mercedes me Geo-fencing, Windows/sunroof open close from App, Vehicle Finder (enables horn and light flashing), Mercedes me Service app: Your digital assistant , Vehicle Monitoring, Vehicle Set-Up, Navigation Connectivity package, Mercedes-Benz emergency call system'}"
211,Mercedes-Benz EQS,Lithium-Ion,N/A,Automatic,Electric,857 km,107.8 kWh,air suspension,air suspension,"{'Touch Screen size': 'N/A', 'Connectivity': 'N/A', 'Tweeters': 'N/A', 'Additional Features': 'N/A'}"
212,Mercedes-Benz EQB,Lithium-ion,215 kW,Automatic,Electric,397-447 km,66.5 kWh,N/A,N/A,"{'Touch Screen size': 'N/A', 'Connectivity': 'Android Auto, Apple CarPlay', 'Tweeters': 'N/A', 'Additional Features': 'N/A'}"
213,Mercedes-Benz EQE SUV,Lithium ion,402.3,Automatic,Electric,550 km,90.56 kWh,N/A,N/A,"{'Touch Screen size': 'N/A', 'Connectivity': 'N/A', 'Tweeters': 'N/A', 'Additional Features': 'N/A'}"
214,Mercedes-Benz AMG C43,2.0L M139l,1991 cc,Automatic,Petrol,N/A,66 Litres,AMG RIDE CONTROL,AMG RIDE CONTROL,"{'Touch Screen size': 'N/A', 'Connectivity': 'N/A', 'Tweeters': 'N/A', 'Additional Features': 'N/A'}"
215,Mercedes-Benz AMG GLC 43,2.0L Inline M139 4-cylinder,1991 cc,Automatic,Petrol,N/A,N/A,Double wishbone suspension,Double wishbone suspension,"{'Touch Screen size': 'N/A', 'Connectivity': 'N/A', 'Tweeters': 'N/A', 'Additional Features': 'N/A'}"
216,Mercedes-Benz AMG A 45 S,2.0-litre in line engine,1991 cc,Automatic,Petrol,N/A,51 Litres,AMG Suspension,AMG Suspension,"{'Touch Screen size': 'N/A', 'Connectivity': 'Android Auto, Apple CarPlay', 'Tweeters': 'N/A', 'Additional Features': 'Burmester sound. The high-performance speakers develop a first-class surround sound, AMG REAL PERFORMANCE SOUND'}"
217,Mercedes-Benz Maybach S-Class,V12,5980 cc,Automatic,Petrol,N/A,N/A,N/A,N/A,"{'Touch Screen size': 'N/A', 'Connectivity': 'Android Auto, Apple CarPlay', 'Tweeters': 'N/A', 'Additional Features': '3D driver display (The 3 dimensional warnings and functions of the driving assistance systems are with their striking 3D and shaded effects. Another trailblazing effect, 3D image of cars, trucks, buses or motorcycles ahead of your vehicle.)(O)Wireless charging system for mobile devices front and rear, Optional Package:-Burmester® high-end 4D surround sound system, Mercedes me, Sound Personalization, Smartphone Integration, OLED central display(12.8inch), MBUX high-end rear seat entertainment ((11.6 inch), MBUX interior assistant, Extended functions MBUX, MBUX Navigation Premium'}"
218,Mercedes-Benz GLE,N/A,2989 cc,Automatic,Diesel,N/A,N/A,N/A,N/A,"{'Touch Screen size': 'N/A', 'Connectivity': 'Android Auto, Apple CarPlay', 'Tweeters': '4', 'Additional Features': 'N/A'}"
219,Mercedes-Benz EQA,Lithium-ion,140 kW,Automatic,Electric,497-560 km,70.5 kWh,N/A,N/A,"{'Touch Screen size': 'N/A', 'Connectivity': 'Android Auto, Apple CarPlay', 'Tweeters': 'N/A', 'Additional Features': 'N/A'}"
220,Mercedes-Benz GLB,OM654q,1998 cc,Automatic,Diesel,N/A,52 Litres,N/A,N/A,"{'Touch Screen size': 'N/A', 'Connectivity': 'Android Auto, Apple CarPlay', 'Tweeters': 'N/A', 'Additional Features': 'Touch inputs, Personalisation,Alexa Home Integration with Mercedes me'}"
221,Mercedes-Benz G-Class,V8,3982 cc,Automatic,Petrol,8.47 kmpl,100 Litres,N/A,N/A,"{'Touch Screen size': 'N/A', 'Connectivity': 'Android Auto, Apple CarPlay', 'Tweeters': 'N/A', 'Additional Features': 'Burmester surround sound system, Ambient lighting in 64 colors'}"
222,Mercedes-Benz CLE Cabriolet,M254 2.0L 4-cylinder,1999 cc,Automatic,Petrol,N/A,N/A,Double wishbone suspension,Double wishbone suspension,"{'Touch Screen size': 'N/A', 'Connectivity': 'Android Auto, Apple CarPlay', 'Tweeters': 'N/A', 'Additional Features': 'N/A'}"
223,Mercedes-Benz A-Class Limousine,L4 200,1950 cc,Automatic,Diesel,N/A,66 Litres,ADAPTIVE DAMPING,ADAPTIVE DAMPING,"{'Touch Screen size': 'N/A', 'Connectivity': 'Android Auto, Apple CarPlay', 'Tweeters': 'N/A', 'Additional Features': ""Wireless charging system for mobile devices(front), Near Field Communication, Hard-disc navigation (Saves inputs via touch control or voice input.The 3D displays of points of interest, for example, are also a visual delight. The intelligent system guides you reliably to your destination using both local and the most recent online data), Smartphone Integration (Links the mobile phone via Apple CarPlay or Android Auto. Convenient important apps on your smartphone and third-party apps such as Spotify etc.), high-resolution media display 10.25 inch. Highly appealing combination: when the media display is combined with the larger instrument display, the result is a Widescreen cockpit, Mercedes me Service app:( Your digital assistant, Vehicle Finder (enables horn and light flashing), Windows/sunroof open and close from App, Geo-fencing,Vehicle Monitoring(radius of 1.5 km, vehicle's geocoordinates sent by GPS),Vehicle Set-up (traffic information in real time), Touchpad and Touch Control (control feature like the Ambient Light or navigation system etc. The touch-sensitive identify handwriting.), Artificial Intelligence (Automatically adjusts the right radio station or shows the fastest route), Individualisation, LINGUATRONIC voice control system (“Hey Mercedes”), Mercedes-Benz Emergency Call System (SOS), Navigation Connectivity Package,""}"
224,Mercedes-Benz AMG GLE 53,3.0-litre 6-cylinder In-lineTurbo Engine,2999 cc,Automatic,Petrol,8.9 kmpl,85 Litres,active roll stabilization intelligent suspension,active roll stabilization intelligent suspension,"{'Touch Screen size': 'N/A', 'Connectivity': 'Android Auto, Apple CarPlay', 'Tweeters': 'N/A', 'Additional Features': 'N/A'}"
225,Mercedes-Benz AMG SL,4.0-litre biturbo V8,3982 cc,Automatic,Petrol,N/A,N/A,AMG RIDE CONTROL,AMG RIDE CONTROL,"{'Touch Screen size': 'N/A', 'Connectivity': 'N/A', 'Tweeters': 'N/A', 'Additional Features': 'N/A'}"
226,Mercedes-Benz AMG E 53 Cabriolet,3.0L inline-6 turbo with mild hybrid,2998 cc,Automatic,Petrol,N/A,66 Litres,N/A,N/A,"{'Touch Screen size': 'N/A', 'Connectivity': 'Android Auto, Apple CarPlay', 'Tweeters': 'N/A', 'Additional Features': '12.3-inch touchscreen multimedia display, Mercedes-Benz User Experience (MBUX), Voice Control with Natural Language Understanding, ""Hey, Mercedes"" keyword activation, Rotary/touchpad controller, FrontBass system, Inductive wireless charging with NFC pairing, Hands-free Bluetooth interface, Bluetooth audio streaming, Front and rear USB-C ports, USB-C adapter cable, HD Radio receiver, SiriusXM 6-month Platinum Plan trial subscription, 1 year of Live Traffic Information, 13 high-quality speakers and a 590-watt, 9-channel digital amplifier, touch function for the media display, Burmester surround sound system The high-performance speakers deliver first-class surround sound'}"
227,Mercedes-Benz AMG EQS,Lithium-ion battery,N/A,Automatic,Electric,580 km,107.8 kWh,Air Suspension,Air Suspension,"{'Touch Screen size': 'N/A', 'Connectivity': 'N/A', 'Tweeters': 'N/A', 'Additional Features': 'N/A'}"
228,Mercedes-Benz AMG GLA 35,AMG 35 4MATIC,1991 cc,Automatic,Petrol,N/A,51 Litres,AMG RIDE CONTROL suspension,AMG RIDE CONTROL suspension,"{'Touch Screen size': 'N/A', 'Connectivity': 'Android Auto', 'Tweeters': 'N/A', 'Additional Features': 'CRUISE CONTROL( Display in instrument cluster Cruise control buttons on the steering wheel Desired cruising or maximum can be selected in 1 km/h or 10 km/h steps ) ACTIVE BRAKE ASSIST, REVERSING CAMERA AND ACTIVE PARKING ASSIST WITH PARKTRONIC, Radar-based driving assistance system with mono camera, Adjustment options for intervention points: early, medium and late, When the critical braking exceeds specific acceleration values, the functions of the PRE-SAFE system can also be activated, ACTIVE BONNET, TIREFIT WITH TYRE INFLATION COMPRESSOR, SUV DASHCAM PACKAGE optional (A dual-channel high video quality day and night camera system, 32 GB Memory Card)'}"
229,Mercedes-Benz AMG GT 4 Door Coupe,4.0-litre V8 with twin turbocharger,3982 cc,Automatic,Petrol,N/A,75 Litres,N/A,N/A,"{'Touch Screen size': 'N/A', 'Connectivity': 'N/A', 'Tweeters': 'N/A', 'Additional Features': 'N/A'}"
230,Mercedes-Benz AMG S 63,V8 Engine,3982 cc,Automatic,Petrol,9.5 kmpl,N/A,N/A,N/A,"{'Touch Screen size': 'N/A', 'Connectivity': 'Android Auto, Apple CarPlay', 'Tweeters': 'N/A', 'Additional Features': 'N/A'}"
231,Mini Cooper 3 DOOR,Petrol Engine,1998 cc,Automatic,Petrol,17.33 kmpl,44 Litres,N/A,N/A,"{'Touch Screen size': 'N/A', 'Connectivity': 'N/A', 'Tweeters': 'N/A', 'Additional Features': 'Optional Harman Kardon Hi Fi System, Apple Car Play (Only with MINI Navigation System), Radio MINI Visual Boost (incl. MINI Connected), MINI Navigation System (Only with Radio MINI Visual Boost), Wired Package (incl. MINI Navigation System Professional/MINI Connected XL Only with Bluetooth Mobile Preparation)'}"
232,Mini Cooper S,2-litre turbo-petrol engine,1998 cc,Automatic,Petrol,N/A,N/A,N/A,N/A,"{'Touch Screen size': 'N/A', 'Connectivity': 'N/A', 'Tweeters': 'N/A', 'Additional Features': 'N/A'}"
233,Mini Cooper Countryman,Petrol Engine,1998 cc,Automatic,Petrol,14.34 kmpl,51 Litres,N/A,N/A,"{'Touch Screen size': 'N/A', 'Connectivity': 'Apple CarPlay', 'Tweeters': 'N/A', 'Additional Features': 'Hi-Fi Loudspeaker System Harman Kardon\nWired Package (MINI Navigation System & MINI Connected XL 8.8 Inch)\nMINI Excitement Pack \\N Telephony With Wireless Charging'}"
234,Mini Cooper SE,Lithium-Ion,135 kW,Automatic,Electric,270 km,32.6 kWh,N/A,N/A,"{'Touch Screen size': 'N/A', 'Connectivity': 'Apple CarPlay', 'Tweeters': 'N/A', 'Additional Features': 'Telephony with Wireless Charging, Enhanced Bluetooth Mobile Preparation with USB Interface, MINI Navigation System, Radio MINI Visual Boost, Smartphone Integration (Apple CarPlay®), Wired Package (8.8 inch Touch Display Including MINI Navigation System and Radio MINI Visual Boost), Harman Kardon Hifi System, Multifunctional Instrument Display'}"
235,Mini Countryman Electric,N/A,N/A,Automatic,Electric,462 km,66.4 kWh,N/A,N/A,"{'Touch Screen size': 'N/A', 'Connectivity': 'N/A', 'Tweeters': 'N/A', 'Additional Features': 'N/A'}"
236,PMV EaS E,N/A,N/A,Automatic,Electric,160 km,10 kWh,N/A,N/A,"{'Touch Screen size': 'N/A', 'Connectivity': 'N/A', 'Tweeters': 'N/A', 'Additional Features': 'N/A'}"
237,Porsche 911,4.0 L 6-cylinder,3996 cc,Automatic,Petrol,10.64 kmpl,64 Litres,N/A,N/A,"{'Touch Screen size': 'N/A', 'Connectivity': 'Android Auto, Apple CarPlay', 'Tweeters': 'N/A', 'Additional Features': 'N/A'}"
238,Porsche Cayenne,3.0-litre turbocharged V6 engine,2894 cc,Automatic,Petrol,10.8 kmpl,N/A,Adaptive air suspension with levelling system and height adjustment incl.(PASM),Adaptive air suspension with levelling system and height adjustment incl.(PASM),"{'Touch Screen size': 'N/A', 'Connectivity': 'Android Auto, Apple CarPlay', 'Tweeters': 'N/A', 'Additional Features': 'Sound Package Plus with 10 Speakers and a total Output of 150 Watts'}"
239,Porsche Macan,Twin-Turbocharged Engine,2894 cc,Automatic,Petrol,11.24 kmpl,65 Litres,N/A,N/A,"{'Touch Screen size': 'N/A', 'Connectivity': 'Android Auto, Apple CarPlay', 'Tweeters': 'N/A', 'Additional Features': 'Sound Package Plus with 150-watt output'}"
240,Porsche Taycan,N/A,N/A,Automatic,Electric,388–452 km,93.4 kWh,N/A,N/A,"{'Touch Screen size': 'N/A', 'Connectivity': 'Android Auto', 'Tweeters': 'N/A', 'Additional Features': 'N/A'}"
241,Porsche Panamera,2.9-litre V6 bi-turbo engine,2897 cc,Automatic,Petrol,N/A,50 Litres,adaptive air suspension,adaptive air suspension,"{'Touch Screen size': 'N/A', 'Connectivity': 'N/A', 'Tweeters': 'N/A', 'Additional Features': 'N/A'}"
242,Porsche 718,naturally aspirated boxer engine,3997 cc,Automatic,Petrol,9.17 kmpl,64 Litres,N/A,N/A,"{'Touch Screen size': 'N/A', 'Connectivity': 'SD Card Reader', 'Tweeters': 'N/A', 'Additional Features': 'Porsche Communication System\n7 incg Touchscreen Display\nPorsche Car Connect App and Connect App'}"
243,Porsche Macan EV,N/A,N/A,Automatic,Electric,N/A,N/A,N/A,N/A,"{'Touch Screen size': 'N/A', 'Connectivity': 'Android Auto, Apple CarPlay', 'Tweeters': 'N/A', 'Additional Features': 'N/A'}"
244,Porsche Cayenne Coupe,3.0-litre turbocharged V6 engine,2894 cc,Automatic,Petrol,N/A,N/A,Adaptive air suspension with levelling system and height adjustment incl.(PASM),Adaptive air suspension with levelling system and height adjustment incl.(PASM),"{'Touch Screen size': 'N/A', 'Connectivity': 'Android Auto, Apple CarPlay', 'Tweeters': 'N/A', 'Additional Features': 'Sound Package Plus with 10 Speakers and a total Output of 150 Watts'}"
245,Pravaig DEFY,Lithium-ion,300,Automatic,Electric,500 km,90.9 kWh,Independent Double wishbone with adjustable coil overs Suspension,Independent Double wishbone with adjustable coil overs Suspension,"{'Touch Screen size': 'N/A', 'Connectivity': 'N/A', 'Tweeters': 'N/A', 'Additional Features': 'Devialet Premium Sound, In-car 5G Internet, streaming music & media'}"
246,Rolls-Royce Phantom,V12 Petrol Engine,6749 cc,Automatic,Petrol,9.8 kmpl,100 Litres,N/A,N/A,"{'Touch Screen size': 'N/A', 'Connectivity': 'N/A', 'Tweeters': 'N/A', 'Additional Features': 'N/A'}"
247,Rolls-Royce Ghost,6.7 L V12,6750 cc,Automatic,Petrol,6.33 kmpl,N/A,N/A,N/A,"{'Touch Screen size': 'N/A', 'Connectivity': 'N/A', 'Tweeters': 'N/A', 'Additional Features': 'N/A'}"
248,Rolls-Royce Spectre,Lithium-Ion,"F 190kW,R 360kW",Automatic,Electric,530 km,102 kWh,N/A,N/A,"{'Touch Screen size': 'N/A', 'Connectivity': 'Android Auto, Apple CarPlay', 'Tweeters': 'N/A', 'Additional Features': 'N/A'}"
249,Rolls-Royce Cullinan,6.75-litre V12 engine,6750 cc,Automatic,Petrol,9.5 kmpl,N/A,N/A,N/A,"{'Touch Screen size': 'N/A', 'Connectivity': 'Android Auto, Apple CarPlay, SD Card Reader', 'Tweeters': 'N/A', 'Additional Features': 'N/A'}"
250,Strom Motors R3,Lithium ion,15 kW,Automatic,Electric,200 km,N/A,MacPherson Struct,Dual Shock Absorbers,"{'Touch Screen size': 'N/A', 'Connectivity': 'N/A', 'Tweeters': 'N/A', 'Additional Features': 'N/A'}"
251,Volvo XC90,Drive-E turbo I4,1969 cc,Automatic,Petrol,17.2 kmpl,68 Litres,Air Suspension,Air Suspension,"{'Touch Screen size': 'N/A', 'Connectivity': 'Android Auto, Apple CarPlay', 'Tweeters': 'N/A', 'Additional Features': 'RC20 & RC30 / Black Ash Inlays,, Speech function, Volvo cars app, Apple Carplay (iPhone with wire)'}"
252,Volvo XC60,Turbo Petrol Engine,1969 cc,Automatic,Petrol,11.2 kmpl,70 Litres,N/A,N/A,"{'Touch Screen size': 'N/A', 'Connectivity': 'Android Auto, Apple CarPlay', 'Tweeters': 'N/A', 'Additional Features': 'Intelligent Driver Information System,Premium Sound by Bowers and Wilkins,2 USB Typ-C connections, Subwoofer,Digital Service package, Volvo cars app,Android powered infotainment system including google services,Speech function, Inductive Charging for smartphone, Apple Carplay (iPhone with wire)'}"
253,Volvo S90,2.0 L 4-cylinder,1969 cc,Automatic,Petrol,N/A,60 Litres,Air suspension,Air suspension,"{'Touch Screen size': 'N/A', 'Connectivity': 'Android Auto, Apple CarPlay', 'Tweeters': 'N/A', 'Additional Features': 'Premium Sound by Bowers and Wilkins, Subwoofer, Volvo cars app, Android powered infotainment system including google services, Apple Carplay (iPhone with wire)'}"
254,Volvo C40 Recharge,Lithium-Ion,402.30,Automatic,Electric,530 km,78 kWh,N/A,N/A,"{'Touch Screen size': 'N/A', 'Connectivity': 'Android Auto, Apple CarPlay', 'Tweeters': 'N/A', 'Additional Features': 'Harmon kardon premium sound system,Remote cuntrol button in steering wheel,22.86cms (9 inch) centre display with touch screen,2 USB Type-c connectors front,Digital service pack,Android based google assisted infotainment system,Volvo on call,with Telematic ca Module,Apple car play with wire,Speech funcion,Inductive charging for smartphone'}"
255,Volvo XC40 Recharge,N/A,402.41 bhp,Automatic,Electric,418 km,78 kw kWh,sophisticated Suspension,sophisticated Suspension,"{'Touch Screen size': 'N/A', 'Connectivity': 'Android Auto, Apple CarPlay', 'Tweeters': 'N/A', 'Additional Features': '12V power outlet and one or two USB ports, speech function, digital service pack, App Store or Google Play, harman kardam sound system, android based google assisted information system, Apple carplay (iphone with wire)'}"
